:1000000000000120658100008D8100008F810000CB
:1000100091810000938100009581000000000000A4
:1000200000000000000000000000000097810000B8
:1000300099810000000000009B8100009D8100006C
:100040009F810000D53A00009F810000811C0000C4
:100050009F810000000000009F81000061180000E7
:100060009F8100009F810000913F00009F81000060
:100070009F8100009F8100009F8100009F81000000
:100080009F810000450E00009F8100009F810000BD
:100090009F8100009F8100009F8100009F810000E0
:1000A0009F8100009F810000000000000000000010
:1000B000711600009F810000000000000000000099
:1000C0000000000000000000000000000000000030
:1000D0000000000000000000000000000000000020
:1000E0000000000000000000000000000000000010
:1000F0000000000000000000000000000000000000
:1001000000000000000000000000000000000000EF
:1001100000000000000000000000000000000000DF
:1001200000000000000000000000000000000000CF
:1001300000000000000000000000000000000000BF
:1001400000000000000000000000000000000000AF
:10015000000000000000000000000000000000009F
:10016000000000000000000000000000000000008F
:10017000000000000000000000000000000000007F
:10018000000000000000000000000000000000006F
:10019000000000000000000000000000000000005F
:1001A000000000000000000000000000000000004F
:1001B000000000000000000000000000000000003F
:1001C000000000000000000000000000000000002F
:1001D000000000000000000000000000000000001F
:1001E000000000000000000000000000000000000F
:1001F00000000000000000000000000000000000FF
:100200000348044B834202D0034B03B118477047A5
:10021000D4000020D400002000000000054806495A
:100220000B1AD90F01EBA301491002D0034B03B104
:1002300018477047D4000020D400002000000000C0
:1002400010B5064C237843B9FFF7DAFF044B13B11E
:100250000448AFF300800123237010BDD4000020B8
:1002600000000000F8A0000008B5044B1BB10449D1
:100270000448AFF30080BDE80840CFE7000000006D
:10028000D8000020F8A00000A3F5803A704700BF16
:10029000154B002B08BF114B9D46FFF7F5FF0021C2
:1002A0008B460F461148124A121A08F077F80C4B89
:1002B000002B00D098470B4B002B00D09847002014
:1002C000002104000D000B4808F014F808F042F873
:1002D0002000290000F0F0FF08F012F800000800EC
:1002E000000000000000000000000120D4000020F9
:1002F000741D0020298300002DE9F04FB7B0B44BE6
:10030000049305AB029336E12C60B24BDFF8C88250
:100310001968D8F8000009F0CDFB054609F06CFA21
:10032000A5A3D3E9002306460F4609F03BFB0028AE
:1003300040F08D81C8F80050204602F053FAA74BD8
:10034000A54C0546186802F0BFFA0646206802F080
:1003500049FA0746206802F0B7FAA14B05901868E1
:1003600009F04AFA96A3D3E9002308F0B7FF09F091
:100370004BFB049A32F9021F04460846CDE90312EA
:1003800009F028FA974A80461068894609F034FA3D
:100390008BA3D3E9002308F0A1FF09F035FB09F096
:1003A0002BFA824628468B4609F026FA86A3D3E923
:1003B000002308F093FF42464B4608F08FFF0B46A0
:1003C00002465946504609F0B9F809F01DFB854A26
:1003D00005461560304609F00FFA7BA3D3E90023E8
:1003E00008F07CFF42464B4608F078FF82462046E4
:1003F0008B4609F001FA02460B465046594609F071
:100400009DF809F001FB764B1860774B044618689D
:1004100009F0F2F96AA3D3E9002308F05FFF09F0BD
:10042000F3FA724A8346106809F0E6F964A3D3E947
:10043000002308F053FF09F0E7FA09F0DDF902465E
:10044000384616460F4609F0D7F95FA3D3E90023D3
:1004500008F044FF42464B4608F040FF0B46024678
:100460003946304609F06AF809F0CEFA5F4A82460A
:10047000C2F800A0059809F0BFF953A3D3E90023FF
:1004800008F02CFF42464B4608F028FF0646584627
:100490000F4609F0B1F902460B463046394609F0DD
:1004A0004DF809F0B1FA504B064618602946284627
:1004B00009F008FC21460546204609F003FC0146E8
:1004C000284609F0F7FA51460446504609F0FAFB6F
:1004D00031460546304609F0F5FB0146284609F04D
:1004E000E9FA0146204609F0A9FD002800F08E80B7
:1004F0003F4B039A1E783F4B3F4943F826203F4B22
:10050000186809F0DFFB09F077F92FA3D3E900237E
:1005100004460D464046494608F0E0FE0B460246BA
:100520002946204609F00AF809F06EFAA6F10B03F5
:10053000324A1060324A14782E4A002BB8BF1B1979
:1005400052F82300039B034418462E4B43F8260021
:1005500009F064FB029B013643F8040FF6B2A64291
:100560000293234B24BF00221A70029A38BF1E70D8
:100570000DAB934277D0244B184D1968286809F0C9
:1005800099FA044609F038F90BA3D3E9002306468B
:100590000F4609F007FA00283FF4B6AE06A3D3E9E8
:1005A00000233046394608F0C7FF09F02DFA0B4BFF
:1005B00004461860A9E600BF4AD8124DFB21194035
:1005C000AE47E17A14AEEF3F7B14AE47E17A843F49
:1005D000620400201C000020040700200007002007
:1005E000D8060020DC060020E0060020E4060020FB
:1005F000F000002084040020A4707D3F0003002050
:1006000000000020F400002018000020724B039A24
:100610001E78724B724943F82620724B186809F015
:1006200051FB09F0E9F862A3D3E9002304460D4623
:100630004046494608F052FE0B46024629462046EF
:1006400008F07CFF09F0E0F9A6F1090370E75AA36E
:10065000D3E900233046394608F06EFF09F0D4F99B
:10066000614B186068E626AA16A906A8DFF87C91F7
:100670000D46174601F0D0F94E460DF1680855F8C1
:10068000041B57F804AB084609F01CFB514604460E
:10069000504609F017FB0146204609F00BFA01F01D
:1006A0009FFFA84546F8040BE9D1514A514C1378F5
:1006B0000133137003F0DEFB2268821A0A2A034614
:1006C0006CD92360D9F80C10D9F808004A4F4B4E6A
:1006D00009F0F0F909F090F839A3D3E9002308F004
:1006E000FDFD044638680D4609F086F836A3D3E9C7
:1006F000002308F0F3FD09F087F909F07DF80246C0
:100700000B462046294608F019FF09F07DF9354BC4
:100710003B4905463D60186809F0CAF9316804464E
:1007200009F0C8F909F068F829A3D3E9002308F013
:10073000D5FD09F069F900213060204609F060FC20
:1007400080BB26462F49204609F0BCFA314609F005
:10075000B9FA2D4909F0AEF909F07AFC0128B8BFC1
:100760000120044640F2FE339C422846A8BF1C46A6
:1007700009F06EFC4100C82940F31E0215DDC8399E
:10078000FF29A8BFFF21FC23FF2A0093A8BFFF2257
:100790002346002000F0AEFF1C4B1C60012037B048
:1007A000BDE8F08F04F10046CCE70021EBE700BF85
:1007B0007B14AE47E17A843F4AD8124DFB211940A1
:1007C0009A9999999999B93FCDCCCCCCCCCCEC3FA6
:1007D0002B8716D9CEF7EF3FF000002084040020CD
:1007E000A4707D3F000300200407002010030020B8
:1007F000FD020020EC060020CC060020D0060020E0
:100800000000FA45ACC5A73600002F445003002075
:1008100070B56B4A6B4C13780133DBB2802B88BF09
:100820000023137000254FF0805223706570536EC3
:10083000654A190E180C5BBAA38086B05823E07085
:10084000A1701570E38001F0D1F8B0F5FA6F80F275
:10085000A7805E4B2A461D7022725D4B5D491B7856
:100860000978E1720022A2725B4A5C4D11785C4A01
:10087000083B48BF5B186420607232F823000133E4
:100880008B42A8BF002340BAA08132F82300013375
:100890008B42A8BF002340BAE08132F82300013325
:1008A0009942D8BF002340BA208232F82300013396
:1008B0009942D8BF002340BA608232F82300013346
:1008C0009942D8BF002340BAA08232F823000133F6
:1008D0009942D8BF002340BAE08232F823000133A6
:1008E0009942D8BF002332F8233042BA5BBA286855
:1008F0002283638309F0ACFB43BA6868A38309F0E1
:10090000A7FB43BAA868E38309F0A2FB43BAE868EF
:10091000238409F09DFB40BA0DF10A0302AA0DF1F0
:100920000601608401A801F0DFFD04AA0DF10E01AB
:1009300003A801F00FFE0DF1160205A90DF112003A
:1009400001F016FEBDF80630BDF80420BDF8080021
:10095000BDF80A105BBAE384BDF80C3052BA5BBA3A
:10096000A284A385BDF80E20BDF8103049BA52BA52
:100970005BBA40BA23866185E285208501F006FED8
:10098000054601F011FE064601F01CFE76BA40BA9B
:100990006DBA38236686A086E586637006B070BDA2
:1009A00041F294139842094B02DDFF221A7053E77B
:1009B000A0F5FA620A21B2FBF1F2D2B21A704BE74B
:1009C000E806002054030020E9060020040300206C
:1009D000F0000020FD020020000000201003002095
:1009E000F400002070B59D4B9D4C1A7822700025B4
:1009F0004FF0805365705B6E82B0190E1A0C5BBAB3
:100A0000A170E270A38000F0F1FFB0F5FA6F80F200
:100A1000F080944A2B461570934DA371286809F015
:100A200017FB034640F307226868E271237209F05E
:100A30000FFB034640F30722A8686272A37209F015
:100A400007FB034640F30722E868E272237309F0CC
:100A5000FFFA40F307210DF1060301AA6173A073A9
:100A60000DF10201684601F03FFDBDF900307F4AFB
:100A700023749DF90730E3747D4B92F800C09DF913
:100A80000310617419789DF90120E273BCF1080C20
:100A900048BF8C449DF90520A2740CF10103754AEE
:100AA0008B42A8BF002332F82C5052F82C0052F889
:100AB00023606DBAA582351A15F1FF0F80F291807F
:100AC000FF254FF0400C01338B42A8BF0023A575D2
:100AD00052F82360351A15F1FF0F7CDAFF254CF030
:100AE000200C01339942D8BF0023E57552F82360EA
:100AF000351A15F1FF0F68DAFF254CF0100C0133A1
:100B00009942D8BF0023257652F82360351A15F193
:100B1000FF0F54DAFF254CF0080C01339942D8BF7F
:100B20000023657652F82360351A15F1FF0F40DA7D
:100B3000FF254CF0040C01339942D8BF0023A57661
:100B400052F82360351A15F1FF0F28DAFF254CF013
:100B5000020C01338B42A8BF0023E57652F8232014
:100B6000131A13F1FF0F20DBFF2B58DC002B6ADB7D
:100B7000D8B2414984F81DC0202300226370207739
:100B800001F11E0C134611F8010F0344DBB21A44A5
:100B90006145D2B2F7D1A377E27702B070BDFF2DE5
:100BA0003BDC002D4CDBEDB2D3E7FF204CF0010C19
:100BB000DFE7FF2D2FDC002D3FDBEDB2BBE7FF2D84
:100BC00027DC002D36DBEDB2A7E7FF2D1FDC002D63
:100BD0002DDBEDB293E7FF2D17DC002D24DBEDB20A
:100BE0007FE7FF2D0DDC002D1BDBEDB24FF0000C7D
:100BF00069E741F2941398421A4A27DDFF231370E4
:100C00000AE7FF254FF0000C5DE7FF2569E7FF25A8
:100C100075E7FF2581E7FF258DE7FF2599E7FF2091
:100C2000A7E7851BEDB24CE7851BEDB257E7851BA7
:100C3000EDB262E7851BEDB26DE7851BEDB278E79B
:100C4000851BEDB283E7801AC0B2AFE7A0F5FA6367
:100C50000A21B3FBF1F3DBB21370DDE6FD020020E5
:100C6000540300200403002010030020F0000020A3
:100C700000000020F400002053030020F0B5A5B0D0
:100C800003F0F8F86649674A0B681468C31AA34270
:100C900002D2002025B0F0BD634C644B247808607C
:100CA00053F8243003F007034FF0805102331360F0
:100CB0004B6E8DF814301A0E180C190A8DF811208D
:100CC000D424D7228DF810408DF812008DF813101F
:100CD0008DF8152000F08AFEB0F5FA6F80F2928050
:100CE000534F00233B700124049BBDF8141006935E
:100CF0000025234610AAADF81C100094062106A872
:100D00008DF8405004F058F84A49064610A807F0FC
:100D1000B3FB082231460346009206A810AA04F04D
:100D20004BF83B78444E8DF84130444B07461B78D6
:100D300030688DF8403009F08BF940BAADF84200C8
:100D4000706809F085F940BAADF84400B06809F060
:100D50007FF940BAADF84600F06809F079F940BA79
:100D6000ADF848000DF10E0303AA0DF10A0102A827
:100D700001F0BAFB9DF909C0BDF90830BDF90C605E
:100D800028466CF3070039469DF90D7063F30F2078
:100D90002B4667F3070366F30F239DF90B6066F399
:100DA00017409DF90F6066F31743BDF90A6066F3BB
:100DB0001F60CDF84A00BDF90E0060F31F63CDF847
:100DC0004E30FF2310AA009306A8122303F0F4FF6D
:100DD0000646284603F0EAFFCDE90054184D06AA5E
:100DE000314602231AA804F02FF82A681AA903F042
:100DF0008BFF2B682344272BC8BF252320462B605D
:100E000025B0F0BD41F294139842094FD7BFA0F529
:100E1000FA63FF230A22B3FBF2F33B7063E700BFE0
:100E2000F006002010000020F0000020F400002058
:100E300004030020B4A0000010030020FD020020E5
:100E400004000020054BD3F8402132B100210122DB
:100E5000C3F840119A6040BF5A60704700100140CB
:100E6000F0B583B002F0A0FA002002F001FE03F01A
:100E70007FF80F4B0F4F104E00220220C3F8FC2FBB
:100E800003F0BAF804F026F8032496250023184648
:100E9000FF221946009500F02DFCC7F800664FF4BC
:100EA000967003F0A9F8013CF0D103B0F0BD00BF8B
:100EB00000100040000001403546526EF0B585B08C
:100EC00002F072FA002002F0D3FD03F051F8144B47
:100ED000144F154E0022C3F8FC2F02F0CFFD02F094
:100EE000D3FD032496250023FF22104619460095C2
:100EF00000F000FCC7F800664FF4967003F07CF831
:100F0000013CF0D12023CDE9014300942346224641
:100F10004FF47A71532002F06FFA05B0F0BD00BFB4
:100F200000100040000001403546526EF0B583B01D
:100F300002F03AFA002002F09BFD03F019F8134B7F
:100F4000134F144E0022C3F8FC2F02F097FD02F05D
:100F50009BFD03249625002318461A46FF21009581
:100F600000F0C8FBC7F800664FF4967003F044F831
:100F7000013CF0D123464FF4FA624FF47A71152008
:100F800003B0BDE8F04003F04BB800BF00100040D4
:100F9000000001403546526E2DE9F0414E4D2C784F
:100FA000022C84B03AD024B1012C67D004B0BDE843
:100FB000F08101232B7002F0F7F9204602F058FD72
:100FC00002F0D6FF454BDFF81881C3F8FC4F022032
:100FD00003F012F803F07EFF424F0324962600230D
:100FE0001846FF221946009600F084FBC8F80076E8
:100FF0004FF4967003F000F8013CF0D13A4B28789A
:101000001A783A4960F3020201201A70087002F05F
:1010100031FF374B186004B0BDE8F08100242C701C
:1010200002F0C2F9204602F023FD02F0A1FF2B4B93
:10103000DFF8AC80C3F8FC4F02F020FD02F024FD85
:10104000284F032496260023FF22104619460096B7
:1010500000F050FBC8F800764FF4967002F0CCFF19
:10106000013CF0D12021CDE90141234622460094E4
:101070004FF47A71532002F0BFF9BFE702232B70BF
:1010800002F092F9002002F0F3FC02F071FF134B22
:10109000DFF84C80134F0022C3F8FC2F02F0EEFC67
:1010A00002F0F2FC03249626002318461A46FF217C
:1010B000009600F01FFBC8F800764FF4967002F01F
:1010C0009BFF013CF0D123464FF4FA624FF47A7152
:1010D000152002F0A5FF91E7F40600200010004063
:1010E000000001403546526E580400205C04002088
:1010F000600400202DE9F04184B002F0BBFE624B99
:101100004FF0A0451B78D5F81025012101FA03F313
:10111000134004460ED05D4B1A78002A5FD15C4A1A
:1011200019701060DFF86C8198F8003003BB04B0D0
:10113000BDE8F081554A10780028F3D01370544A66
:101140001268A21A192AEDD9B2F57A7F80F0908040
:1011500051490A68A21AB2F5C87F504A02D21378E0
:101160000133DBB24B48137001230C600370DEE7E0
:10117000494B1868241AB4F5FA7FD8D9474B1B7825
:10118000092B5CD90DF10F020DF10E010DF10D00CF
:1011900000F090FE424B9DF80D009DF80E10414A64
:1011A000587099709DF80F00D8700121117002F0ED
:1011B00061FE3D4B3D4F3E4E1860142496250023A2
:1011C000FF2108461A46009500F094FAC7F8006619
:1011D0004FF4967002F010FF013CF0D131E02C4D3D
:1011E0002B68C21A40F2CD311A3A8A4209D800213E
:1011F0001E230093FF224FF0FF33084600F07AFAD7
:101200002B686FF47A72A218D21A40F69E718A4245
:101210001DD9E31A41F28832934283D91E23FF225B
:10122000DFF87080009300214FF0FF33104600F08C
:1012300061FA98F80030002B3FF479AF98E7FFF798
:10124000ABFE002388F8003004B0BDE8F081002236
:101250001E23009311464FF0FF33FF2000F04AFA9F
:101260002B6841F28832E31A93427FF65BAFD5E7F1
:1012700041F287339A423FF655AF0E4B1B789940A7
:10128000C5F80C154EE700BF140000200C03002029
:1012900008030020FC060020F80600200D030020B3
:1012A000580400205C04002060040020000001407D
:1012B0003546526E150000202DE9F04F642087B0AE
:1012C00002F09AFEB44BB5481B78B54C01224FF0A2
:1012D000A04102FA03F34FF01025C1F818354FF47E
:1012E0000046C1F808350023C0F804650260C5F85F
:1012F0000C3220784FF0804400F5E07041F8203047
:10130000C4F800312260D4F80031002BFBD0A34D8B
:10131000A44E02F04BFD1A23062207210820C5F82F
:10132000006600F0B1F91123C5F800660F220093A2
:101330000D2110230E2001F0A7F80123C4F8783501
:101340000023FA241A461946FF20009400F0D2F92F
:101350004FF49670C5F8006602F04EFE00231A4660
:101360001846FF21009400F0C5F94FF49670C5F8B7
:10137000006602F041FE00231846FF221946009441
:1013800000F0B8F94FF49670C5F8006602F034FE2C
:10139000C5F8006601F07EFF834A00F00703012BC9
:1013A000106000F0D080002B40F044817E4A7F4ED8
:1013B00050783370FF2840F0CB80FFF77FFD337803
:1013C000012B00F0D48000F00BFA794B794FDFF855
:1013D000E8B1DFF8E8A17A4DDFF8E891DFF8E881BD
:1013E000002201211960C3F80022C3F804154FF050
:1013F00080530492586E02F02FFE0A223378059231
:10140000664A6849C2F80016022B00F0998002F083
:1014100031FD3B78044633B1DBF8003042F2107204
:10142000C31A93422AD8FFF765FE00F0B1FA0028EC
:1014300030D14946404600F0B1FA002832D1337825
:10144000022B76D0002B40F096802A782AB1049A9D
:101450000599A21A8A4200F2D380504B514AC3F830
:10146000002602F007FD3B780446002BDBD0DBF8BA
:10147000003042F21072C31A9342D4D94A4B186812
:1014800001F026FF00233B70FFF734FE00F080FAE6
:101490000028CED000F0C8FF4946404600F07EFA52
:1014A0000028CCD0FEF728FF0028C8D09AF80030DA
:1014B00001338AF800302B781D2B9CBF01332B7031
:1014C00000F094FA08F0A6FB404B414A03901060EC
:1014D000186808F0A3FB039B0146184608F090FD2E
:1014E000002856D03B4A13680133642B1360A6DDF5
:1014F00002F09EFC4FF080420023C2F81835012311
:101500009360D2F80431002BFBD0012332495360A1
:101510000022C1F80025022002F06EFD1E4B1A7851
:10152000012393404FF0A042C2F80C353378022BD0
:1015300088D12B78002B51D1184B1A4AC3F80026BA
:1015400002F086FF63E75078184EFF28337007D00B
:10155000154BDA78997800F02DFD3378022B71D095
:101560003378002B3FF429AF012B7FF42CAFFFF72A
:1015700077FC28E70494012B7FF442AF2B78002BF3
:101580003FF46BAFFFF77AFB08B100232B70337881
:1015900036E7104B186052E71500002000000140AC
:1015A000140000203546526E58040020F406002036
:1015B00000D000405C04002060040020FC020020F9
:1015C000080700208C06002064040020080000208A
:1015D0000C000020D406002000300040FFF718F96E
:1015E0001D4B5978184602F03DFD337800222A70D1
:1015F000002BBFD1194B1A4AC3F80026049406E702
:101600000393FFF7EFF9144B5978184602F0E8F806
:10161000039B144A2B70D2F8001141B1D2F808157F
:10162000C2F80031136801F00703063305933378DD
:101630000494E5E6022B08D10B4A0C4E5078337027
:10164000FF2885D1FFF772FC8AE7074B074E5878D1
:10165000FF2882D07CE700BF540300200000014037
:101660003546526E00D0004058040020F406002099
:10167000044BD3F8042122B10022C3F80025C3F89B
:101680000421704700C0014030B4002460F3070417
:1016900061F30F24154D62F3174463F31F642C604C
:1016A0004FF0010C124CC0B2C9B2D2B2DBB20CFA8C
:1016B00000F00CFA01F10CFA02F20CFA03F3C4E99F
:1016C0000001C4E902234FF0A04C40EA0105154394
:1016D0002561CCF81805CCF81815CCF81825CCF8ED
:1016E0001835CCF8085530BC704700BF20070020E3
:1016F0000C070020002870B467DB00FB00F08011AD
:1017000040F2FF35324CA842A8BF2846206000298D
:1017100008DB01FB01F1891140F2FF308142A8BFD3
:1017200001466160002A08DB02FB02F2921140F2DE
:10173000FF318A42A8BF0A46A260002BA8BFE3601F
:10174000244BD3F8002512B10022C3F8002522490A
:10175000204B0A78C3F860250398204A05012068C9
:1017600010804878C3F86405606850808878C3F8B2
:101770006805C878A168C3F86C059180E168D180DC
:10178000002440F2FF310120C3F800054FF48066C9
:10179000C3F80445118151819181D1810221C3F89F
:1017A0000865C3F80C45C3F81015C3F81445C3F811
:1017B00020250822C3F82425C3F82855C3F80013B0
:1017C0009860C3F8000270BC7047014C9FE700BFEF
:1017D0002000002000C00140200700202407002036
:1017E00030B4194B194D1A48002101240522C3F8C1
:1017F0000045C3F81025C3F814152A681040154A8F
:1018000002432A6003200725C3F81825C3F8F00512
:10181000C3F8F4551048C3F8F8150A25C3F8005367
:101820000E4AC3F82C060820C3F83006802010604A
:10183000C3F800111C60D3F80021002AFBD001225C
:101840005A6030BC704700BF007000405C07002049
:10185000CCE8E8FE100001013407002000E100E0C0
:10186000434BD3F80C211AB1D3F80421002A63D0DA
:101870003F4BD3F8042172B3F0B400223D48C3F8C3
:101880000421C3F80C21017801F0FF0721B33A4C81
:101890003A490270208A088039490520C3F81005AA
:1018A0008D78012060F302058D700968C3F8181562
:1018B0000721C3F8F4150821C3F82C46C3F83016E5
:1018C000C3F800211860D3F80021002AFBD00122C0
:1018D0005A60F0BC704770472A4D2B4C264A2B4962
:1018E000D2F800C0C1F800C001262E702568D2F8D9
:1018F00004C0C1F804C0354425602568D2F808C08A
:10190000C1F808C0B5F57A7FD2F80CC0C1F80CC098
:1019100017DC0821C3F82C26C3F83016144A00211E
:101920000123C2F800111360D2F80031002BFBD064
:1019300001235360F0BC70470121C3F80C215960AA
:1019400096E7062127600670C3F810150C498878C1
:10195000042464F3020088700968C3F81815103273
:10196000C3F8F475C3F82C26C3F83066D6E700BF79
:101970000070004061070020340700205407002059
:101980005C07002060070020580700206407002043
:10199000014B1878704700BF6007002011490A7892
:1019A00002F0FF037AB1104B9A1C90420DD01A68D6
:1019B00002605A6842609A688260DB68C3600023F4
:1019C0000B7008207047184670471A885A809A8012
:1019D000DA801A815A819A81DA811A8200230B7087
:1019E00008207047600700206407002008B5084AF7
:1019F00013889BB24BB1108880B208F00FF90549EB
:101A000008F060F908F024FB08BD4FF4616008BDE0
:101A10005407002005C0283F2DE9F04FD0F8108072
:101A200007688BB00D46064641463846144608F016
:101A300041F8414603463846019308F039F8B76843
:101A4000D6F8188083464146384608F033F84146B8
:101A500002463846009208F02BF8D6F80480D6F8F3
:101A6000149007464946404608F024F84946844603
:101A70004046E24608F01CF8D6F80C80F66981462C
:101A80003146404608F016F83146844640466646E0
:101A900008F00EF8009A019B0892114680461846FD
:101AA000039308F007F85146CDF800A0059008F020
:101AB00001F83146019607F0FDFF4FF0000A28605B
:101AC0005146C4F800A0384608F0FCF85946069084
:101AD00007F0F0FF51460290404608F0F3F84946FF
:101AE000079007F0E7FF474908F0ECF846464549FC
:101AF00004968046304608F0E5F8414606460298CE
:101B000007F0D8FF314607F0D3FF3946686030460A
:101B100007F0D0FF414607F0CDFF6060089A039BB5
:101B20001146184607F0C4FF01990890009807F085
:101B3000BFFF5146039008F0C5F8089B0990014685
:101B4000184607F0B7FF039B0699A860A3605846A4
:101B500007F0AEFF07998346484607F0A9FF2A49D8
:101B6000814608F0AFF8594607F0A4FF314607F068
:101B7000A1FF2449E860484608F0A4F839468146A8
:101B8000304607F095FF494607F094FF0099E06062
:101B9000059807F08DFF019907F08AFF41462861FB
:101BA0000298C4F810A007F083FF314607F082FFC7
:101BB00031466861384607F07BFF414607F078FF01
:101BC000099A6061089B1146184607F071FF039B54
:101BD000A86103F10040A0614946584607F06AFF3A
:101BE000314607F065FF0849E861049808F06AF893
:101BF000394607F05DFF494607F05AFFE0610BB038
:101C0000BDE8F08FF304353FF30435BF184B70B4D3
:101C1000C3F808050024C3F80C154FF00046154919
:101C2000C3F81025C3F824651022C3F84045C3F853
:101C300034151149C3F83825C3F85045C3F8441585
:101C40004FF0FF31C3F848250C4DC3F8004207227E
:101C5000C3F808134021C3F80413C3F85445C3F86C
:101C60000025082385F803432B6070BC704700BF34
:101C70000030004090070020B407002000E100E0A1
:101C800010B50C4BD3F818313BB10B4B1A7822B17D
:101C90000A4A0021126819709047094B0549094A00
:101CA0001C684FF0A0400023C0F80845C1F8183167
:101CB000137010BD003000408C070020B0070020DA
:101CC0008807002084070020F0B5104C237803F02B
:101CD000FF05002BFAD10E4B0E4E0F4FDFF83CE004
:101CE00032604FF0A04CC3F834E50126C3F84475C8
:101CF000CCF80C25022238707970C3F84825C3F857
:101D00005055C3F8386526701E61F0BD8407002069
:101D10000030004088070020B40700209007002012
:101D200030B5114A137803F0FF0C002BFAD10F4B9A
:101D30000F4C19604FF0A04E0E4B0F4DC3F83455A9
:101D4000C3F84445CEF80C1520700121022084F818
:101D500001C0C3F84815C3F838051170196113782C
:101D6000002BFCD1687830BD840700208807002054
:101D7000B407002000300040900700202DE9F0411A
:101D8000069E124D2C7804F0FF0C002CFAD14C1C4E
:101D90000F49104FC1F834354FF0A0480E4BC1F831
:101DA00044353E600D4FC8F80C65DFF834E018701C
:101DB00083F801C00123C1F84835C1F838452B70BC
:101DC0000B613B70CEF80020BDE8F0818407002055
:101DD0000030004088070020B40700208C07002056
:101DE000B007002070B52F4D2F4CAB78687800EB12
:101DF000032000B207F012FF2A79EB78A66860652D
:101E000003EB022000B2E08607F008FF314607F03E
:101E100059FFAB79A061687900EB032000B22087FD
:101E200007F0FCFE314607F04DFF2B7AE061E879C0
:101E300000EB032000B2608707F0F0FE314607F0A8
:101E400041FFAA7A6B7A6668206203EB022000B237
:101E5000208607F0E3FE314607F034FF2B7BE0607D
:101E6000E87A00EB032000B2608607F0D7FE314627
:101E700007F028FFAA7B0346687B236100EB022062
:101E800000B2A08607F0CAFE314607F01BFF236CA4
:101E90000649606101332364054B002501220D7062
:101EA0001A7070BD5C080020E4070020580800206C
:101EB0008108002070B53C4B0646186814460D4654
:101EC00008F0C6F80028B4BFC21C02469210FF28D2
:101ED000134606DDB2F1400348BFA2F13D039B105B
:101EE000403313F13F0F06DA13F1400248BF03F10C
:101EF00043029310403B6FF07E029342B8BF1346FB
:101F00007F2BA8BF7F23294A7F333370106808F0E6
:101F10009FF800280246B8BFC21C9210FF28134643
:101F200006DDB2F1400348BFA2F13D039B104033F0
:101F300013F13F0F06DA13F1400248BF03F14302E9
:101F40009310403B6FF07E029342B8BF13467F2B45
:101F5000A8BF7F23164A7F332B70106808F078F8EB
:101F600000280246B8BFC21C9210FF28134606DDA7
:101F7000B2F1400348BFA2F13D039B10403313F17F
:101F80003F0F06DA13F1400248BF03F143029310FA
:101F9000403B6FF07E029342B8BF13467F2BA8BF31
:101FA0007F237F33237070BD8808002090080020B5
:101FB00098080020B0F17F032DE9F0410C4615464A
:101FC0004FD43F2B3FDC980007F028FEB4F17F038D
:101FD000064640D43F2B28DC980007F01FFEB5F1E1
:101FE0007F03074629D43F2B1CDC9D00204BDFF8E4
:101FF00084809C683046214607F064FE21460346F3
:102000003846C8F8003007F05DFE1B4E03463360CB
:10201000284607F003FE214607F054FE174D2860BE
:10202000BDE8F081AF3D2D01E0E7AF3C200107F0B6
:10203000F5FDB5F17F030746D5D513F13F0FD4DA8F
:102040004F3D2D01D2E7AF38000107F0E7FDB4F1B5
:102050007F030646BED513F13F0FBDDA4F3C20018A
:10206000BBE713F13F0FAEDA4F380001ACE700BF1A
:10207000E4070020840800208C0800209408002039
:102080002DE9F04FB64FA3B001F0E6FE3B680646DF
:10209000C01A4CF25033984200F2A881B0F57A7F12
:1020A000C0F0A18107F0B6FD07F0A6FBA4A3D3E919
:1020B000002307F013F907F0A7FCAA4A1378054696
:1020C000002B00F09981A84C3E6001F0D3FE42F253
:1020D0000F73984200F28B80A44BD3F8008000214C
:1020E000404607F083FFB4F936B018B1584607F000
:1020F00095FD80469E4B1F680021384607F076FF0D
:10210000B4F9389018B1484607F088FD0746994B56
:102110001E680021304607F069FFB4F93AA018B1F3
:10212000504607F07BFD0646584607F053FB86A352
:10213000D3E9002307F0D2F802460B464046CDE92A
:10214000002307F059FB82A3D3E9002307F0C6F868
:1021500007F05AFC07F050FB02460B46DDE9000190
:1021600007F0ECF907F050FC804B1860484607F088
:1021700031FB75A3D3E9002307F0B0F88046384659
:10218000894607F039FB72A3D3E9002307F0A6F8CC
:1021900007F03AFC07F030FB02460B464046494642
:1021A00007F0CCF907F030FC714B1860504607F08F
:1021B00011FB65A3D3E9002307F090F802463046EF
:1021C0000F46164607F018FB61A3D3E9002307F07A
:1021D00085F807F019FC07F00FFB0B46024639465D
:1021E000304607F0ABF907F00FFC624B1860624B0A
:1021F000A069196807F05CFC604A03461168E06951
:102200000E9307F055FC5E4B06461968206A0F9640
:1022100007F04EFC294603463046109307F052FD66
:10222000616A07F047FC07F0E7FA4BA3D3E9002304
:1022300007F054F807F0E8FBE36822696062029354
:1022400002A863690392049300F0FAFC0F9B0E9AB4
:10225000069305A9109B079302A8059200F0FEFFC4
:10226000294607F02FFD0146A06A07F023FC0E99CE
:10227000A062084607F026FD0F9F109E04463946CF
:10228000384607F01FFD0146204607F013FC314693
:102290000446304607F016FD0146204607F00AFCCA
:1022A00000F09EF9294607F00DFD4FF07C5107F034
:1022B00009FD054600F096FA0446284600F004FBA6
:1022C000002506460EA8119500F076FB21460E98D3
:1022D00007F0F8FC21460E900F9807F0F3FC21461A
:1022E0000F90109807F0EEFC12AA0EA91090254846
:1022F000119600F0EFFD12A800F05EFB214812A934
:1023000000F0DEFD204B1F480A9316A90895099599
:1023100000F0C6FD08A916A800F064FE01F0AAFDB1
:1023200041F2873398420BAA02A908A894BF174C20
:10233000174C00F063FF0B982CE000BFAFF3008058
:102340008DEDB5A0F7C6B03E7B14AE47E17A843F71
:10235000AE47E17A14AEEF3F1EA7E8482EFFEF3FED
:102360007C08002080080020E40700208808002066
:102370009008002098080020840800208C08002085
:1023800094080020D4070020000080BF0AD7233C17
:1023900017B7D1384FF07E53214600F100401D930E
:1023A00007F090FC03460C981A93214600F1004078
:1023B00007F088FC03460D981B93214600F100406E
:1023C00007F080FC03461AA81C9300F0F5FA1248A7
:1023D0001EAA1AA900F07EFD0F481EA900F070FD8C
:1023E0000D4800F0E9FA23B0BDE8F08F0B4A0C4D20
:1023F0001378002B7FF467AE07490A4C00230B606B
:102400004B608B606362A362E3624FF07E53CB60EC
:102410000123137058E600BFD40700208008002075
:10242000CDCC4C3DE407002030B5124C237883B06E
:10243000D3B9114C237813B1002003B030BD0F4D38
:102440009E202968FFF76CFC00F003000328F3D1FD
:10245000296800910A4B0B4A0E21A020FFF78EFC41
:102460000120207003B030BDFFF70AFE0023237067
:10247000DFE700BF8108002058080020E4070020A3
:102480005C080020E51D000038B584460C46012597
:102490001046614622464FF0A04C104C05FA03F35B
:1024A000CCF818352360CCF8083500232364FFF7F7
:1024B000ADFB0B4B2268636029460A4BA36028469C
:1024C000FFF702FC226860211020FFF7FDFB226865
:1024D0006421BDE838401120FFF7F6BBE407002077
:1024E000CDCC1C3AA721A0392DE9F041174C8046EC
:1024F000E06816461D460F4607F07EF9144B002291
:1025000006F0ECFE07F058FAA8F80000206807F083
:1025100073F90F4B002206F0E1FE07F04DFA388008
:10252000606807F069F90A4B002206F0D7FE07F051
:1025300043FA3080A06807F05FF9054B002206F0EF
:10254000CDFE07F039FA2880BDE8F081D4070020DD
:102550000040DF40054BB3F930C0A0F800C0B3F92C
:1025600032000880B3F9343013807047E40700204C
:10257000054BB3F936C0A0F800C0B3F938000880A5
:10258000B3F93A3013807047E407002008B5044BD4
:102590000449586A07F096FB07F05AFD00B208BDDF
:1025A000E407002000007A4408B5044B0449986A07
:1025B00007F088FB07F04CFD00B208BDE4070020DF
:1025C00000007A4408B5044B0449D86A07F07AFB46
:1025D00007F03EFD00B208BDE407002000007A4489
:1025E0002DE9F84F0021044607F00AFD002840F0CD
:1025F000D5800021204607F0F9FC002840F0CB8070
:102600007549204607F01AFD002800F0CA800FF235
:10261000B819D9E90089DFF8C4A16F4F4FF07E5592
:10262000012602E00136152E49D0204607F0E4F8D5
:1026300042464B4606F052FE07F0E6F95146044684
:10264000284607F03FFB39460546204607F0F6FCD2
:102650000028E7D1204607F0CFF85BA3D3E9002399
:1026600007F082F958B3142E06F1010A27D00FF2B1
:102670006019D9E9008954A7D7E90067DFF858B194
:1026800003E0BAF1130F1AD89A465946204607F0CC
:1026900019FB0446284607F0AFF842464B4606F0C1
:1026A0001DFE07F0B1F90546204607F0A5F83B46A8
:1026B000324607F059F90AF101030028E1D14FF041
:1026C0007C51284607F0FEFA06464FF07E51204620
:1026D00007F0F0F94FF07C5107F0F4FA0746014695
:1026E000204607F0A3FB3946044607F0E3F94FF014
:1026F0007C5107F0E7FA05460146384607F096FB9D
:10270000214607F0DFFA2946074607F0D3F94FF0D4
:102710007C5107F0D7FA04460146284607F086FBAD
:10272000394607F0CFFA2146074607F0C3F94FF0C4
:102730007C5107F0C7FA05460146204607F076FBB4
:10274000394607F0BFFA2946074607F0B3F94FF0BC
:102750007C5107F0B7FA04460146284607F066FBAD
:10276000394607F0AFFA2146074607F0A3F94FF0C4
:102770007C5107F0A7FA05460146204607F056FBB4
:10278000394607F09FFA294607F094F9314607F0D9
:1027900099FABDE8F88F0020BDE8F88F1048BDE831
:1027A000F88F204607F028F807A3D3E9002307F0A5
:1027B000DBF84FF07C56002887D04FF07E554FF065
:1027C000010A54E7AFF300807B14AE47E17A843FFF
:1027D0009A9999999999B93F0000C84200002041FF
:1027E000000080BF70B53249044607F009FC58B1BB
:1027F000304E2F4D3146204607F05CF929460446FD
:1028000007F0FEFB0028F5D12B49204607F016FC07
:1028100058B1284E284D3146204607F049F929463F
:10282000044607F00BFC0028F5D10021204607F0F4
:10283000E7FB10BB2149204607F044FA2049054632
:10284000204607F03FFA214607F03CFA01462846A9
:1028500007F02EF90021044607F0D2FB18BB2146F1
:10286000204607F02FFA214607F022F9154907F014
:1028700029FA214607F01EF970BD1149204607F0DC
:1028800021FA214607F01EFA0C490546204607F0BA
:1028900019FA0146284607F00DF90021044607F011
:1028A000AFFB0028DBD004F100402146D9E700BF90
:1028B000DB0F49C0DB0FC940DB0F494083F9A23F62
:1028C0007B81CF3E6666663E70B5344907F0F2F80C
:1028D0003349044607F094FB58B1324E304D31462F
:1028E000204607F0E7F82946044607F089FB002850
:1028F000F5D12D49204607F0A1FB58B1294E2A4DAC
:102900003146204607F0D4F82946044607F096FBE6
:102910000028F5D10021204607F072FB18BB23499F
:10292000204607F0CFF922490546204607F0CAF9AC
:10293000214607F0C7F90146284607F0B9F80021FB
:10294000044607F05DFB20BB2146204607F0BAF99C
:10295000214607F0ADF8174907F0B4F901462046C3
:1029600007F0A8F870BD1249204607F0ABF92146E0
:1029700007F0A8F90D490546204607F0A3F90146DE
:10298000284607F097F80021044607F039FB002895
:10299000DAD004F100402146D8E700BFDB0FC93F81
:1029A000DB0F49C0DB0FC940DB0F494083F9A23F71
:1029B0007B81CF3E6666663E2DE9F04F87B00268A8
:1029C00045688668C76805901146104601920295D1
:1029D0000396049707F076F929460446284607F03F
:1029E00071F90146204607F065F831460446304645
:1029F00007F068F90146204607F05CF839460446BE
:102A0000384607F05FF90146204607F053F80021E9
:102A1000044607F0F5FA002840F0F1800021204636
:102A200007F0E4FA002840F0EA808349204607F0E6
:102A300005FB002800F0E6807BA7D7E90067DFF8F8
:102A4000FCB1DFF8F4A14FF07E554FF0010804E02F
:102A500008F10108B8F1150F48D0204606F0CCFE69
:102A600032463B4606F03AFC06F0CEFF5946044695
:102A7000284607F027F951460546204607F0DEFABA
:102A80000028E5D1204606F0B7FE67A3D3E900236E
:102A900006F06AFF50B3B8F1140F08F1010625D013
:102AA0000FF28C1BDBE900AB0FF27C19D9E900892E
:102AB000614F02E0132E19D81E463946204607F012
:102AC00001F90446284606F097FE52465B4606F09A
:102AD00005FC06F099FF0546204606F08DFE4B46A4
:102AE000424606F041FF731C0028E3D128464FF010
:102AF0007C5107F0E7F806464FF07E51204606F07D
:102B0000D9FF4FF07C5107F0DDF8074639462046E3
:102B100007F08CF93946044606F0CCFF4FF07C51A3
:102B200007F0D0F805462946384607F07FF92146D8
:102B300007F0C8F82946074606F0BCFF4FF07C5165
:102B400007F0C0F804462146284607F06FF93946D9
:102B500007F0B8F82146074606F0ACFF4FF07C516D
:102B600007F0B0F805462946204607F05FF93946D8
:102B700007F0A8F82946074606F09CFF4FF07C5165
:102B800007F0A0F804462146284607F04FF93946D9
:102B900007F098F82146074606F08CFF4FF07C516D
:102BA00007F090F805462946204607F03FF93946D8
:102BB00007F088F8294606F07DFF314607F082F8D5
:102BC0000021044607F03AFAC8B121464FF07E5082
:102BD00007F02CF90199044607F074F8059D029955
:102BE0002860204607F06EF803996860204607F0D9
:102BF00069F80499A860204607F064F8E86007B017
:102C0000BDE8F08F204606F0F7FD07A3D3E90023C7
:102C100006F0AAFE4FF07C5600283FF46DAF4FF04F
:102C20007E5501263CE700BF7B14AE47E17A843F26
:102C30009A9999999999B93F0000C842000020419A
:102C40002DE9F04F85B003684668039019460546A4
:102C500018460093019607F035F8AD6802950446D2
:102C60003146304607F02EF80146204606F022FF96
:102C700029460446284607F025F80146204606F076
:102C800019FF0021044607F0B1F9002840F0E58063
:102C90008149204607F0D2F9002800F0E1807AA7A8
:102CA000D7E90067DFF8F4A1DFF8EC914FF07E552B
:102CB0004FF0010804E008F10108B8F1150F48D001
:102CC000204606F099FD32463B4606F007FB06F02B
:102CD0009BFE51460446284606F0F4FF4946054649
:102CE000204607F0ABF90028E5D1204606F084FD28
:102CF00065A3D3E9002306F037FE50B3B8F1140FF3
:102D000008F1010625D00FF28819D9E900890FF2E0
:102D1000781BDBE900AB604F02E0132E19D81E468A
:102D20003946204606F0CEFF0446284606F064FDEC
:102D300042464B4606F0D2FA06F066FE05462046AD
:102D400006F05AFD5B46524606F00EFE731C002844
:102D5000E3D128464FF07C5106F0B4FF06464FF011
:102D60007E51204606F0A6FE4FF07C5106F0AAFFE9
:102D700007463946204607F059F83946044606F01A
:102D800099FE4FF07C5106F09DFF054629463846D6
:102D900007F04CF8214606F095FF2946074606F055
:102DA00089FE4FF07C5106F08DFF044621462846EF
:102DB00007F03CF8394606F085FF2146074606F045
:102DC00079FE4FF07C5106F07DFF054629462046EE
:102DD00007F02CF8394606F075FF2946074606F03D
:102DE00069FE4FF07C5106F06DFF044621462846EF
:102DF00007F01CF8394606F065FF2146074606F045
:102E000059FE4FF07C5106F05DFF054629462046ED
:102E100007F00CF8394606F055FF294606F04AFE41
:102E2000314606F04FFF0021044607F007F9A0B134
:102E300021464FF07E5006F0F9FF0099044606F057
:102E400041FF039D01992860204606F03BFF02994F
:102E50006860204606F036FFA86005B0BDE8F08F38
:102E6000204606F0C9FC08A3D3E9002306F07CFD48
:102E70004FF07C5600283FF472AF4FF07E5501268C
:102E800041E700BFAFF300807B14AE47E17A843F97
:102E90009A9999999999B93F0000C8420000204138
:102EA000036803F100430B60436803F100434B6088
:102EB000836803F100438B60C368CB60704700BF39
:102EC0000B6803604B6843608B688360CB68C360AA
:102ED000704700BF2DE9F04104460D46C068C9683F
:102EE000164606F0EFFE29680746206806F0EAFE5F
:102EF00069688046606806F0E5FE0146404606F0D7
:102F0000D9FDA9688046A06806F0DCFE014640466F
:102F100006F0D0FD0146384606F0CAFDF06029688B
:102F2000E06806F0CFFE21680746E86806F0CAFEB2
:102F30000146384606F0BEFDA9680746606806F0FF
:102F4000C1FE0146384606F0B5FD69680746A0682F
:102F500006F0B8FE0146384606F0AAFD3060696802
:102F6000E06806F0AFFE61680746E86806F0AAFE72
:102F70000146384606F09EFD29680746A06806F01F
:102F8000A1FE0146384606F095FDA968074620686F
:102F900006F098FE0146384606F08AFD7060A96882
:102FA000E06806F08FFEA1680746E86806F08AFE32
:102FB0000146384606F07EFD69680746206806F03F
:102FC00081FE0146384606F075FD296803466068B3
:102FD0001C4606F077FE0146204606F069FDB0600B
:102FE000BDE8F0812DE9F04F87B0C46803688268BE
:102FF000D1F800A0D1F804808F68D0F804B0039114
:103000002046002103F100490192059306F05AFE83
:1030100049460546504606F055FECDF808B00BF17E
:10302000004B06465946404606F04CFE01463046E7
:1030300006F040FD019B009003F100463146384602
:1030400006F040FE009A0146104606F033FD0146A8
:10305000284606F02DFD00210090484606F032FE7D
:1030600021460546504606F02DFE0146284606F04C
:1030700021FD31460546404606F024FE014628461D
:1030800006F018FD59460546384606F01BFE014677
:10309000284606F00DFD00210546584606F012FEB2
:1030A00021460490404606F00DFE049A0146104663
:1030B00006F000FD49460490384606F003FE049AE7
:1030C0000146104606F0F6FC31460490504606F0E4
:1030D000F9FD049A0146104606F0EAFC002102467A
:1030E0003046164606F0EEFD21460490384606F0BE
:1030F000E9FD049A0146104606F0DCFC59460746F5
:10310000504606F0DFFD0146384606F0D3FC49463E
:103110008246404606F0D6FD0146504606F0C8FC01
:1031200029468046204606F0CDFD059B0099049374
:103130008146184606F0C6FD0146484606F0BAFC30
:10314000DDF808A081464146504606F0BBFD014629
:10315000484606F0AFFCDDF804B0814631465846DB
:1031600006F0B0FD0146484606F0A2FC039F31463A
:103170003860204606F0A6FD00998146504606F0CC
:10318000A1FD0146484606F095FC29468146584671
:1031900006F098FD0146484606F08CFC049B01931E
:1031A00081464146184606F08DFD0146484606F028
:1031B0007FFC41467860204606F084FD0099044675
:1031C000584606F07FFD0146204606F073FC019B41
:1031D00004463146184606F075FD0146204606F0C5
:1031E00069FC29460446504606F06CFD014620461F
:1031F00006F05EFCB86007B0BDE8F08FF8B5044695
:103200000D4640688968164606F05CFD6968074609
:10321000A06806F057FD0146384606F049FC3060CC
:103220002968A06806F04EFDA9680746206806F0E8
:1032300049FD0146384606F03BFC7060696820682D
:1032400006F040FD2968034660681C4606F03AFD1A
:103250000146204606F02CFCB060F8BD70B504466F
:103260000D460068096806F02DFD6968064660682D
:1032700006F028FD0146304606F01CFCA96803460E
:10328000A0681C4606F01EFD0146204606F012FC12
:1032900070BD00BF4FF080524FF42C331169B3FB67
:1032A000F1F301FB03F389084FF0FF300FD0002248
:1032B00001E091420AD084461868B0F1FF3F02F164
:1032C000010203F10403F4D1604670477047704770
:1032D00030B54FF080534FF42C351B69B5FBF3F537
:1032E0005FEA930C05FB03F459D021464FF0FF32FF
:1032F000002302E001339C450AD096460A68B2F1E9
:10330000FF3F01F10401F5D1421C23D0002B3FD136
:1033100000220CF1FF3C9C451DDD04EB8204214A98
:10332000D2F80034002BFBD001231E49C2F804352B
:10333000D1F80034002BFBD01A4A2060D2F80034B8
:10334000002BFBD000231749C2F80435D1F8003414
:10335000002BFBD030BD134AD2F80034002BFBD039
:1033600002231049C2F80435D1F80034002BFBD0F9
:103370000C4AC1F80855D2F80034002BFBD00023CA
:103380000849C2F80435D1F80034002BFBD0C6E759
:1033900030EA0E0201D15A1EBBE71A46B9E763466E
:1033A0006246B6E700E00140124BD3F85025A2B1C7
:1033B000D3F85025042A11D0D3F850250C2A0DD06B
:1033C00000220121C3F80022C3F810211961D3F8AB
:1033D0005025002AFBD1C3F810217047054AD2F8C6
:1033E0005035042BFBD0034AD2F850350C2BFBD0C0
:1033F000704700BF00100040F0B58C463B4F3C4981
:10340000022501240426BCF1FA0FC7F88050C1F848
:10341000FC4FC1F80C65C1F808055DD0BCF57A7F9A
:1034200052D10020C1F81005079C059EDFF8C4E0CA
:10343000314F0021084664F30700069C03F00103A6
:1034400064F30F202D4C5B0204EA104C43F48273AA
:1034500043EA0C0363F31F40254B244CC3F824E5D7
:103460004FF4847566F313450EF1443E244EC3F8C1
:1034700028E54FF01E0CC3F81C65C3F82065012633
:10348000C3F82C15C3F83065C3F81455C3F81805F4
:10349000C3F844C5C3F83425AA22C3F83C2540F23A
:1034A0000712C3F838254FF0FF32C3F81011C3F8E4
:1034B0000C11C3F808230822C3F80423022339603F
:1034C00084F801132360F0BD40F2E930844506D151
:1034D0000320C1F81005A7E7C1F81055A4E7BCF513
:1034E000FA6F08BFC1F810459EE700BF00E100E099
:1034F0000010004011223344F0080020F8FCFFFFC8
:10350000A70DE60EF0B4364B364C1E68364B02253E
:10351000C4F8805004270124FA29C3F8FC4FC3F8EB
:103520000C75C3F8080551D0B1F57A7F46D100215A
:10353000C3F8101500212C4BDFF8B0C02C48C3F89D
:1035400024C50C4666F307042A4D2B4E00EA1440AE
:103550000CF1443CC3F828C540F44170C3F81C5535
:10356000C3F820550125C3F82C1560F31F44C3F898
:1035700030551E274FF48475C3F81455C3F8184509
:10358000C3F84475C3F83425AA22C3F83C2540F299
:103590000712C3F838254FF0FF32C3F81011114855
:1035A000C3F80C11C3F808230822C3F8042302232C
:1035B000316080F801130360F0BC704740F2E930DD
:1035C000814206D10321C3F81015B3E7C3F81055A3
:1035D000B0E7B1F5FA6F08BFC3F81045AAE700BF1E
:1035E0003000002000E100E00010004011223344D0
:1035F000F8FCFFFFA70DE60EF008002010B41D4BED
:10360000D3F85025032A1FD0D3F85025012A1BD008
:10361000D3F85025022A17D0D3F85025A2B1D3F8F9
:103620005025042A1BD0D3F850250C2A17D000228D
:103630000121C3F80022C3F810211961D3F85025E5
:10364000002AFBD1C3F810210A4B0B4A1124012098
:103650000521C3F800425860117010BC7047054A3C
:10366000D2F85035042BFBD0024AD2F850350C2B3F
:10367000FBD0E9E700100040A108002030B4204B47
:10368000D3F85025092A03D0D3F850250A2A11D19E
:103690001C4C1B4A1C481D4900252560012303249E
:1036A0004FF0020CC2F80042136080F800C00B60BB
:1036B00030BC7047D3F85025002AE9D0D3F8502504
:1036C000042A11D0D3F850250C2A0DD00022012154
:1036D000C3F80022C3F810211961D3F85025002A3D
:1036E000FBD1C3F81021D3E7054AD2F85035042B9B
:1036F000FBD0034AD2F850350C2BFBD0C8E700BFF3
:10370000001000409C080020A1080020EC080020C8
:1037100038B52F4C23682BB14BE000F0ABFB431BBB
:10372000022B02D82368002BF7D12A4BD3F850255F
:10373000092A03D0D3F850250A2A20D12649254A40
:10374000264B0020086001210320C2F8000211600E
:1037500004211970D2F85035002BFBD0D2F8503527
:103760000C2BF7D0D2F85035042BF3D0D2F800321E
:1037700043F018030121C2F80032216038BDD3F8AC
:103780005025002ADAD0D3F85025042A15D0D3F8D2
:1037900050250C2A11D000220121C3F80022C3F8C1
:1037A00010211961D3F85025002AFBD1C3F810214C
:1037B000C4E700F05FFB0546B4E7064BD3F850259D
:1037C000042AFBD0034BD3F850250C2AFBD0B5E7D5
:1037D000EC080020001000409C080020A1080020F8
:1037E000002970B53D4E21DD431CF31A022B6BD925
:1037F0004B1E072B68D921F0030C03468444324644
:1038000053F8044B42F8044B6345F9D18A0721F081
:1038100003030BD0C25CF2545A1C914206DD023302
:10382000845CB454994201DDC25CF2542C4C236890
:103830002BB13AE000F01EFB401B022802D823689F
:10384000002BF7D1274BC3F80465D3F85025092A7C
:1038500003D0D3F850250A2A0DD12348214A234901
:10386000002505600320C2F8000201230220136036
:103870000870236070BDD3F85025002AEDD0D3F82E
:103880005025042A15D0D3F850250C2A11D0002237
:103890000121C3F80022C3F810211961D3F8502583
:1038A000002AFBD1C3F81021D7E700F0E3FA054660
:1038B000C5E70C4AD2F85035042BFBD0094AD2F8A0
:1038C00050350C2BFBD0C8E7431E044A194413F8AB
:1038D000010F02F8010B8B42F9D1A7E7000A002083
:1038E000EC080020001000409C080020A1080020E7
:1038F00010B4214A214B22491068224A0860C3F8BB
:103900000425D3F85025032A1FD0D3F85025012AC7
:103910001BD0D3F85025022A17D0D3F85025A2B1D6
:10392000D3F85025042A1BD0D3F850250C2A17D0E1
:1039300000220121C3F80022C3F810211961D3F835
:103940005025002AFBD1C3F810210C4B0E4A11243C
:1039500001200521C3F800425860117010BC704767
:10396000064AD2F85035042BFBD0044AD2F8503521
:103970000C2BFBD0E9E700BFFC0900200010004041
:10398000A4080020FC080020A108002089102DE9CF
:103990007043214E1DD4031D9E4218BF0B2901F117
:1039A00001012DD946EA0002540729D14C083246BC
:1039B00000EBC4040346F3E80289A342E2E802896B
:1039C000F9D1CA0721F0010303D550F8232046F8A6
:1039D0002320124C23682BB10EE000F04BFA401B61
:1039E000022802D82368002BF7D10D4BC3F80465D9
:1039F000BDE87043FFF78CBE00F03CFA0546F1E7E6
:103A0000054A00EB810000E0043353F8041C42F83F
:103A1000041B8342F8D1DCE7000A0020EC080020F8
:103A200000100040034A044B10681B68C01A18BFFE
:103A300001207047A4080020FC09002010B4094CA4
:103A4000021F0023214651F8040B42F8040F60784E
:103A50000133B3EB900FF6DD034A044B12681A6092
:103A600010BC7047FC080020FC090020A4080020BE
:103A7000014B1860704700BFF0080020014B002286
:103A80001A607047F4080020014B00221A6070474A
:103A9000F80800200D4A0E490023C2F80031C2F890
:103AA0000431C2F80831C2F80C31C2F81031C2F842
:103AB0001431C2F81831C2F81C31C2F82831C2F8EA
:103AC0003031C2F834310B60704700BF0010004045
:103AD000EC080020A44B1A6802B11047A34BD3F89E
:103AE0000411002947D1D3F80C21A2B1A0489F4B63
:103AF000A04A00210160C3F80C111178022936D0C8
:103B0000117801293FD0117804291ED01178052998
:103B1000C8B241D0704796490A60C3F80021C3F883
:103B20000421C3F80821C3F80C21C3F81021C3F8FD
:103B30001421C3F81821C3F81C21C3F82821C3F8A5
:103B40003021C3F834210A6070478B49C3F804154B
:103B500003E0D3F85015032903D0D3F850150229F8
:103B6000F7D1824911200523C1F800021370834B5D
:103B70001B683BB11847C3F80421D3F80C31002B64
:103B8000B4D1704770477E4A1368013313607D4B90
:103B90001B68002BEED1BDE710B5794C21680131CF
:103BA00021607949097800296DD0D3F8003477492C
:103BB000002B78D00978764B0124A1421C6001F1DA
:103BC000020C40F3C9807348734BD0F800E0C3F88F
:103BD00000E04FEA9C04012C26D0D0F804E0C3F8A2
:103BE00004E0022C20D0D0F808E0C3F808E0032C51
:103BF0001AD0D0F80CE0C3F80CE0042C14D0D0F8A4
:103C000010E0C3F810E0052C0ED0D0F814E0C3F893
:103C100014E0062C08D0072CD0F818E018BFC469AF
:103C2000C3F818E018BFDC613CF4FE742CF0030EFE
:103C300013D010F80E4003F80E408E450EF101042B
:103C40000BDC10F804C003F804C0A14204F1010C1D
:103C500003DB10F80C0003F80C00F1B14349042415
:103C6000147003200122C1F80435C1F800020A6073
:103C7000D1F85035002BFBD0D1F8003243F01803B7
:103C8000C1F8003210BD0121107099603D4B1B68D6
:103C9000002BF7D0BDE810406CE7344B0520012124
:103CA0001070996010BD0978394B4FF0FF30012931
:103CB000186001F1020C48DD3848374BD0F800E0BD
:103CC000C3F800E04FEA9C04012C26D0D0F804E0B1
:103CD000C3F804E0022C20D0D0F808E0C3F808E0D4
:103CE000032C1AD0D0F80CE0C3F80CE0042C14D04C
:103CF000D0F810E0C3F810E0052C0ED0D0F814E096
:103D0000C3F814E0062C08D0072CD0F818E018BF30
:103D1000C469C3F818E018BFDC612CF003043CF45C
:103D2000FE7C9AD010F804C003F804C0A14204F14C
:103D3000010C92DB10F80C4003F80C400CF101046C
:103D40006145A4BF005D185587E71448124B0478FD
:103D50001C704FF0010CEDE70E480F4B90F800C0BF
:103D600083F800C06DE700BFF0080020001000409D
:103D7000EC080020A1080020FC080020F808002022
:103D8000FC090020F4080020A0080020E80800201A
:103D90009C080020C8080020000A0020A808002075
:103DA000014B1868704700BFEC080020184B1948F9
:103DB000DFF864C0FA212DE9F0410022C3F8401574
:103DC0004FF004080121C3F80425C3F80815C3F80F
:103DD00010854FF48038C3F80483DFF840E0104FBB
:103DE000104E114DC3F800124FF48068C0F80080E7
:103DF0000E4C4FF0400880F80A83CEF80020CCF833
:103E000000203A6032602A6019602170BDE8F081BC
:103E100000A0004000E100E0080B0020000B0020A3
:103E2000100B0020040B00200C0B0020300B002096
:103E3000064A0749074B10B44FF48064C2F880402B
:103E40000120002208611A7010BC704700E100E0F8
:103E500000A00040300B0020044B054A012199646A
:103E6000D3F8480513681844704700BF00A000400D
:103E7000000B0020014B1868704700BF080B0020A2
:103E8000164B70B400241C60154B164E1A60164B6E
:103E90001860164B01255D6031600321DD60C3F8B9
:103EA0000445C3F808154FF48031C3F81045C3F832
:103EB0004005C3F804134FF48071C3F800120AB12F
:103EC000C3F800520A4B094A60244FF08060012178
:103ED00083F81A431860116070BC70472C0B0020E7
:103EE000280B0020140B0020240B002000A0014010
:103EF00000E100E0174BDFF860C0F0B50124174D7A
:103F00001C60DFF85CE0174B2C600025CEF80050F9
:103F10005C60CCF800200322DC60C3F80455C3F8D1
:103F200008254FF48032C3F810550F4EC3F84005F2
:103F3000C3F804234FF48072C3F800226022C3F850
:103F400000420A4F86F81A234FF0806232601C60EC
:103F50003960F0BD200B0020140B0020280B00203E
:103F60002C0B002000A0014000E100E0240B002009
:103F7000014B01225A60704700A001400249034BE7
:103F8000086001221A607047180B00201C0B0020EB
:103F900010B4124B1249134C0020C3F840010A68B8
:103FA000114BFA320A601A6801321A6019682268E5
:103FB000914211D30D4C0E4A2168013121601860E5
:103FC0001368013313601368B3F57A7F04D309498A
:103FD0000B6801330B60106010BC704700A00040FC
:103FE000000B002034000020040B0020080B0020F0
:103FF0000C0B0020100B0020074B1B7853B1074916
:104000000B6882B0184401900A68019B9A42FBD168
:1040100002B07047704700BF300B0020080B002033
:1040200038B5154603221C46FFF76CFA074A084BC1
:1040300015601C60FFF75CFC064B01220021C3F8F1
:104040000012C3F804251A6038BD00BF3C000020F0
:104050009010002000D00040014B1860704700BF56
:104060004400002030B4354B1B6843BB002922DDDF
:10407000334D431CEB1A022B55D94B1E072B52D93B
:1040800021F0030C034684442A4653F8044B42F8BB
:10409000044B6345F9D18A0721F003030BD0C25CBE
:1040A000EA545A1C914206DD0233845CAC549942B6
:1040B00001DDC25CEA54234B196030BC7047002913
:1040C000F9DD214A431CD31A022B22D94B1E072BA0
:1040D0001FD921F0030C0346844453F8044B42F8E3
:1040E000044B6345F9D18C0721F00303E3D0144A54
:1040F000C45C1A4414745C1C8C42DCDA0233045D28
:1041000054749942D7DDC35C93740E4B196030BC74
:10411000704701380D4B441810F8012F03F8012F98
:10412000A042F9D1C7E70138054B441810F8012F18
:1041300003F8012BA042F9D1BDE700BF9010002089
:104140003C0C00203C0D00204C0C00204B0C0020AF
:104150002DE9F04F87B0FFF765FC002840F0DB80C9
:10416000FFF77AFEAA4BAB491A680968841A8C4299
:1041700002D28242C0F0A780A74AA84918601368FB
:1041800003910968029210465A1C8A42026040F369
:104190009D8000230360FFF76DFE039B0090D3F822
:1041A0000090B9F1000F6EDD9D4B9E4A9E4C1B683E
:1041B00001939346234690464FF0010A0026CE46CF
:1041C00009E0D44603F10409E64508F104080AF1C0
:1041D000010A4B4652DD11680098019D411AA9421F
:1041E000104602F10402ECD9F245D44680F2D880A0
:1041F00043EA0805154303F1040945EA09050AF1F4
:10420000FF316D07AEEB0106414640F0BC80B51EA4
:10421000062D40F2B880751E04956D0808EBC506A2
:10422000CDF814E01D1F0438083BD646B446F5E926
:104230000267E3E90267F0E90267E1E802676145C6
:10424000F5D1F446DDE9040E20F00103984203EBBA
:104250000A0108D0481E54F8213044F820305BF899
:1042600021304BF820300EF1FF3EE6454FF00106BD
:1042700008F104080AF1010A4B46ACDCF14616B11C
:10428000039BC3F800E0694C694D84F807904FF434
:10429000805323802B68002BC4BF103363705D4BA9
:1042A0001B681BBAA36000220123C4F80220A3717B
:1042B000FFF776FD50BB61785C48FFF767FB029B18
:1042C0001B6803B92B6007B0BDE8F08F002A3FF4EC
:1042D00062AF564C564DE17103F10B022270102271
:1042E00062702A685049002AC4BF10326270514A75
:1042F000D25C22720122A27151F8232031F82330BE
:104300005BBAA380130E120CA370E270FFF748FD96
:104310000028FBD1CFE7484D2846FFF78FFB474BDE
:104320000528D3F8003404467FF71AAF002B3FF47A
:1043300017AF394B02931A46D5F8023016681BBAEC
:104340008EBB002B3FF40CAF344A039215683F2D0F
:104350003FF706AF002D344C09DD224604EB850003
:1043600052F8041B8B423FF4FBAE8242F8D144F872
:104370002530FFF77FFD03992A4A0B6842F8250094
:1043800001330B60ECE62E49404601EB8E0559687F
:1043900043F8041B416840F8041B9D42F7D162E7D3
:1043A00003F104095FE7204A013E52F826209A42B1
:1043B0007FF4D6AEFFF75EFD1A4B43F82600214B83
:1043C000214E01221A60214B24F003001C602A4672
:1043D0003044334652F8041B43F8041B8342F9D19E
:1043E000A70724F003030BD0EA5CF2545A1C944252
:1043F00006DD0233A95CB1549C42C4BFEA5CF254AE
:10440000029A0C4B11682A780B4403F8012CA7E69A
:10441000480E00203C000020400D0020340B0020FE
:1044200038000020500E0020500F00203C0C0020CF
:104430003C0D002050100020440D002000100040D2
:104440004C0F002094100020380B0020380C002066
:10445000594B1B680BB1FFF77BBE2DE9F04182B0D1
:10446000FFF708FD0446FFF7DDFA10B902B0BDE81A
:10447000F081524E3046FFF7E1FA514BD3F8003449
:104480000546002BF2D00528F0DD4E4AD6F8023062
:10449000118896F80880126818BA49BA002B3AD0E9
:1044A0009042E3D1484F4948494A4A4B156025F0AC
:1044B000030C0122844445481A60404A034652F8DE
:1044C000041B43F8041B9C45F9D1AA0725F00303FC
:1044D0000BD0F25CC2545A1C954206DD0233B15C2B
:1044E00081549D42C4BFF25CC2543B4D3B4A2B6891
:1044F0003C60002B1460B9DD394C23784345B5D0BE
:10450000FFF74EFC0028B1D12968204602B0BDE873
:10451000F041FFF73BBA334B2B4FD3F800C03B6859
:10452000E31A634524D82948002ABDD0294B01222B
:1045300025F003041A600444254B24481F4A1D60DB
:10454000034652F8041B43F8041BA342F9D1A90700
:1045500025F003038AD0F25CC2545A1C954285DDD3
:104560000233B15C81549D4280DDF25CC2547DE730
:104570001A4BDFF874E01C60DEF808C51B4BCEF860
:104580000001A3FB0C035B09642000FB13C3612B38
:104590000E48C9D941F201030380130E8370130C36
:1045A000C370012381808371102101920090FFF775
:1045B000EDF9DDE90002B7E790100020440D00207E
:1045C0000010004044000020440E0020380B002062
:1045D000380C0020941000203C0D00204C0E0020D0
:1045E0003C0C00204000002000D000401F85EB5113
:1045F0002DE9F843B64CB74B94F8271094F82920CE
:1046000094F82A000A4483FB021313445B1103EB62
:10461000C30103EB8103D31ADEB2252884F8296095
:1046200009D004EBD60206F0070592F82210012209
:10463000AA40114265D0A8498A8B92B2002A40F064
:104640008780A649A64F01220A6122691002120E34
:10465000C1F81C05C1F824250B2BB4BF0422062287
:1046600002EB43039D4DDFF87C82C5F80835A38D2E
:10467000626946F0400640F25B61C5F8546501335B
:10468000C5F83815C5F83C25A385FFF7E5FB94F878
:104690003C60954B032E1860C5F8048500F0BC8083
:1046A000022E00F0C880012E00F0EB82FEF7A6FF7C
:1046B0008E498A4B01220A60D3F8001241F00201B0
:1046C000C3F80012D3F8001241F00401C3F800123D
:1046D0003B68022B00F0DA80FFF7CCFB238C226BC7
:1046E000B3F57A7F3CBF03EB83035B00A0EB0200D2
:1046F00034BF03F2DC5342F6EC4398422ED8BDE8B7
:10470000F8837B4B74491D78B6FBF5F305FB136604
:104710008B8B784AF6B29BB2965D002B40F0BC8042
:104720006F4F6E4901230B612269252E4FEA02204B
:104730004FEA1262C1F81C053346C1F8242500F087
:10474000B882262E00F0B782272E85D1502389E724
:10475000A58DCA8D95427FF474AFA2E0664E674F77
:1047600001254FF002083D60FFF702FCC6F880808B
:1047700001F03EFDFFF782F9FFF786F96048FFF789
:1047800077F9002002F0ECF8544B94F83B10DFF876
:1047900074E15D4CDFF874C1C3F8FC5F4FF00309AE
:1047A000C3F81095C3F814E5C3F818C5C3F81C4541
:1047B0008E24C3F82445002240F20314C3F82C25AC
:1047C000C3F83055C3F834459624C3F844455048DF
:1047D00040F25B64C3F83845C3F83C050420C3F8D5
:1047E0000C054FF6FF70C3F81021C3F80C21C3F875
:1047F00008030A20C3F8040386F80123C6F80080E2
:104800003D6000297FF47BAF424A1368B3FA83F31B
:104810005B091360BDE8F88300253F4884F83C50ED
:10482000294602F0A7FB284602F09AF894F83C606B
:10483000022E7FF438AF294BDFF8E09024480025A2
:104840000126C4F8DC5084F83C60C4F8E050C4F899
:10485000E450C4F8E850C3F8049584F8EC6001F023
:10486000D9FF2F4B2F4AC3F80C95C3F81085C3F816
:1048700014252D4AC3F804253046C3F8005202F02F
:104880006FF82548314602F075FB0FE727492848A5
:104890003A60FFF7F5FA1FE7CA8DA38D9A427FF4BD
:1048A0003FAF8B8B4FF6FF729BB2934244D08B8B02
:1048B000D1F81E000A4FC4F81E009BB2A383002348
:1048C00001228B831B4819493A60FFF7D9FA28E780
:1048D0007C180020A7C867DD9C190020001000404C
:1048E000E811002028140020701800202414002053
:1048F0004C0000209C11002000E100E0E4110020A9
:10490000016100000801100000D6BE89FA00030210
:104910005555550020140020C01A002038150020DD
:1049200000F00040EC11002001000001F145000002
:10493000FFFF2F00FFFF1F00D1F82250DFF8BC82DD
:1049400091F826C0C4F8225015F0010318BFAC4AF4
:1049500084F826C04FF000075FFA85FE16BF177077
:104960001A4601221EF0020F88F8007005D0A44AF2
:104970000127D7543B44DBB23A461EF0040F05D062
:104980009F4A0227D7540133DBB201221EF0080FE1
:1049900005D09B4A0327D7540133DBB201221EF016
:1049A000100F05D0964A0427D7540133DBB20122F9
:1049B0001EF0200F05D0924A0527D7540133DBB2F1
:1049C00001221EF0400F05D08D4A0627D75401332F
:1049D000DBB201225FEADE1705D0894A0727D754E8
:1049E0000133DBB2012215F4807FC5F3072707D01E
:1049F000834A4FF0080E02F803E00133DBB20122D4
:104A000017F0020F07D07E4A4FF0090E02F803E0BC
:104A10000133DBB2012217F0040F07D0784A4FF0C0
:104A20000A0E02F803E00133DBB2012217F0080F8F
:104A300007D0734A4FF00B0E02F803E00133DBB2EC
:104A4000012217F0100F07D06D4A4FF00C0E02F83C
:104A500003E00133DBB2012217F0200F07D0684AD0
:104A60004FF00D0E02F803E00133DBB2012217F024
:104A7000400F07D0624A4FF00E0E02F803E00133F8
:104A8000DBB20122FF0905D05D4A0F27D75401335D
:104A9000DBB2012215F4803FC5F3074707D0584A1F
:104AA0004FF0100E02F803E00133DBB2012217F0E1
:104AB000020F07D0524A4FF0110E02F803E0013303
:104AC000DBB2012217F0040F07D04D4A4FF0120E4F
:104AD00002F803E00133DBB2012217F0080F07D020
:104AE000474A4FF0130E02F803E00133DBB2012214
:104AF00017F0100F07D0424A4FF0140E02F803E0EF
:104B00000133DBB2012217F0200F07D03C4A4FF0EF
:104B1000150E02F803E00133DBB2012217F0400F5B
:104B200007D0374A4FF0160E02F803E00133DBB22C
:104B30000122FF0905D0324A1727D7540133DBB2CF
:104B400001222F0EED0105D52D4A1825D55401332C
:104B5000DBB20122BD0705D5294A1925D5540133F9
:104B6000DBB201227D0705D5254A1A25D55401332C
:104B7000DBB201223D0705D5214A1B25D55401335F
:104B8000DBB20122FD0605D51D4A1C25D554013393
:104B9000DBB20122BD0605D5194A1D25D5540133C6
:104BA000DBB201227D0605D5154A1E25D5540133F9
:104BB000DBB20122FD0905D0114A1F25D55401336E
:104BC000DBB201221CF0010F05D00D4A2025D5547F
:104BD0000133DBB201221CF0020F05D0084A212567
:104BE000D5540133DBB201221CF0040F0AD0044A71
:104BF0002225D5540133DBB2012203E04C00002012
:104C00009C1100201CF0080F05D0374A2325D554ED
:104C10000133DBB201221CF0100F05D0324A2425EB
:104C2000D5540133DBB201221CF0200F45D11CF01A
:104C3000400F4CD02C4A2625D5540133DBB25FEA15
:104C4000DC1503D02725D5540133DBB288F80030BA
:104C5000252841D0272E09D804EBD60206F00705F7
:104C600092F822000122AA40104206D1B6FBF3F2CC
:104C700003FB12631C48DBB2C65C1C4F00238B8312
:104C80004FE51B4B1B4DC3F804551B4884F8EC60E3
:104C900001F0C0FD194B1A4AC3F80C55C3F8108532
:104CA000C3F81425174AC3F80425304601F058FE0E
:104CB000FCE40223D6E41A23D4E40B4A2525D55478
:104CC0001CF0400F03F10103DBB2B4D1B7E75FEA98
:104CD000DC1504D0044AB5E7242EC7D8CDE7002A56
:104CE000B4D11346B4E700BF9C110020E8110020A6
:104CF00000100040381500207C18002000F0004013
:104D0000EC1100200100000138B5224B224CC3F801
:104D10001C45252A4FF08E04C3F8244532D0262A9C
:104D200034D0272A34D00B2AB4BF0424062404EB41
:104D30004204184B42F04002C3F8084540F25B655C
:104D4000164CC3F854250028C3F83855C3F83C4521
:104D50001ADD4B1E124D134C1844C1F1010C0CEB23
:104D60000302A15C05F8011B13F8011FA154834243
:104D7000F5D1084BC3F80445FEF780FC0A4B02222C
:104D80001A6038BD0224D4E7064CF2E71A24D0E7B3
:104D90005024CEE70010004000D6BE89555555007E
:104DA000581700204816002024140020014B1860DA
:104DB000704700BF5400002030B5864608449DF877
:104DC0000C405D1C002B0EF80150447001F10200F4
:104DD0002DDD0EEB000C541CACEB0404022C27D987
:104DE0005C1E072C24D923F003051544114651F805
:104DF000044B4CF8044BA942F9D123F003018B4238
:104E000000EB010412D0555C0EF804504D1CAB426F
:104E100004F1010C0ADD0231555D0EF80C508B4295
:104E200004F1020402DD525C0EF80420184430BD87
:104E3000013A01318E44D41812F8011F0EF8011FF7
:104E4000A242F9D11844F2E710B503F00F049DF81F
:104E50000C309DF808C041709B0103F040032343D0
:104E6000002443EACC13A1420370847024DD00F1D6
:104E7000030C531CACEB0303022B1FD94B1E072B57
:104E80001CD921F003041346144453F804EB4CF8E6
:104E900004EBA342F9D18C0721F003030CD0184492
:104EA000D45CC4705C1CA14206DD0233145D047145
:104EB000994201DDD35C4371C81C10BD531E023002
:104EC0005C1813F8012F00F8012FA342F9D1C81C78
:104ED00010BD00BFF8B5254C254E0225C4F8805002
:104EE00001F086F9FEF7CAFDFEF7CEFD2148FEF778
:104EF000BFFD002001F034FD1F4B2048012103229B
:104F0000C3F8FC1FC3F810251D4AC3F814251D4A19
:104F1000C3F818251C4AC3F81C258E22C3F8242583
:104F200040F203170022C3F82C25C3F83015C3F84C
:104F300034759627C3F8447540F25B67C3F838753B
:104F4000C3F83C650426C3F80C654FF6FF76C3F83A
:104F50001021C3F80C21C3F808630A26C3F80463C0
:104F600084F8012325600160F8BD00BF00E100E086
:104F7000555555000161000000100040E41100206B
:104F800008011000FA00030200D6BE8970B59E4CDD
:104F90009E4B9F4894F822109E4D00221A70C3F831
:104FA0009420A3F898201723036011F001030271E5
:104FB00018BF994884F83C2084F82920A2632A70FD
:104FC00016BF02701A460122880704D592480122B2
:104FD000C2541344DBB24E0705D58F480222C25497
:104FE0000133DBB20122080705D58B480322C254E6
:104FF0000133DBB20122CE0605D587480422C25414
:105000000133DBB20122880605D583480522C2544C
:105010000133DBB201224E0605D57F480622C25479
:105020000133DBB20122C90905D07B480722C254F3
:105030000133DBB2012294F82310C80705D5764866
:105040000822C2540133DBB201228E0705D5724813
:105050000922C2540133DBB20122480705D56E484C
:105060000A22C2540133DBB201220E0705D56A4879
:105070000B22C2540133DBB20122C80605D56648B3
:105080000C22C2540133DBB201228E0605D56248E0
:105090000D22C2540133DBB20122480605D55E4819
:1050A0000E22C2540133DBB20122C90905D05A488D
:1050B0000F22C2540133DBB2012294F82410CE0730
:1050C00005D555481022C2540133DBB201228807AE
:1050D00005D551481122C2540133DBB201224E07DB
:1050E00005D54D481222C2540133DBB20122080714
:1050F00005D549481322C2540133DBB20122CE0642
:1051000005D545481422C2540133DBB2012288067A
:1051100005D541481522C2540133DBB201224E06A7
:1051200005D53D481622C2540133DBB20122C9091C
:1051300005D039481722C2540133DBB2012294F85A
:105140002510C80705D534481822C2540133DBB2F4
:1051500001228E0705D530481922C2540133DBB233
:105160000122480705D52C481A22C2540133DBB26C
:1051700001220E0705D528481B22C2540133DBB299
:105180000122C80605D524481C22C2540133DBB2D3
:1051900001228E0605D520481D22C2540133DBB200
:1051A0000122480605D51C481E22C2540133DBB239
:1051B0000122C90905D018481F22C2540133DBB2AD
:1051C000012294F82610CE0705D513482022C25498
:1051D0000133DBB20122880705D50F482122C254D2
:1051E0000133DBB201224E0705D50B482222C254FF
:1051F0000133DBB20122080710D507482322C2542D
:105200000133DBB2012209E07C180020C01A002023
:10521000981000204C0000209C110020CE0605D5DF
:1052200043482422C2540133DBB20122880665D5EB
:105230003F482522C2544E0603F10103DBB203D5D9
:105240002622C2540133DBB2CA095CD12B70002381
:10525000A385FEF70FFE6063FEF70CFE2269354959
:105260001502C1F81C5594F829302063120E252B25
:10527000C1F8242555D0262B55D0272B55D00B2BE4
:10528000B4BF0422062202EB43022A4D608BC5F80C
:10529000082540F2E24101FB00F06469264943F031
:1052A000400340F25B62A0F59670C5F854350001EA
:1052B000C5F838250022C5F83C45FEF7E1FD1F4939
:1052C0001F4A204BC5F8043500234B701380FEF7AE
:1052D00095F9D5F800321C4C1C481D4943F00203D7
:1052E000C5F80032D5F80032022243F0040301264B
:1052F000C5F80032266002600A6070BD480607D417
:10530000C9090BD00A482722C2540133DBB29DE7FA
:1053100007482622C2540133DBB295E7002A96D013
:1053200094E70222B1E71A22AFE75022ADE700BFAF
:105330009C11002000100040F1450000481600209C
:10534000581700202814002024140020E811002001
:10535000E41100202DE9F04FDFF82C828B4D98F8F6
:10536000003098F801400026DBB2E7B285B063F365
:10537000070602340022296818F802008854013216
:10538000A242F8D18249834A17600A6801320A6052
:10539000814A8249D2F80004086003F00F03032B0E
:1053A00030D0052B05D07E4B1B6833BB05B0BDE864
:1053B000F08F7C4C98F80920A379E1799B1AB3FA15
:1053C00083F398F80A205B09914218BF002398F8EC
:1053D0000B20217A914218BF002398F80C20617AA3
:1053E000914218BF002398F80D20A17A914230D045
:1053F00098F80E306C4B01221A6005B0BDE8F04FF2
:10540000FEF7FCB8684801680129CCD1654C98F8D2
:105410000910A579E779691AB1FA81F198F80A506B
:105420004909AF4218BF002198F80B50277AAF42C4
:1054300018BF002198F80C50677AAF4218BF0021BE
:1054400098F80D50A77AAF4200F0B68098F80E3069
:10545000A9E798F80E20E17A9142CBD1002BC9D070
:10546000524B98F803201A7098F80320227098F88D
:1054700004205A7098F80420627098F805209A70F9
:1054800098F80520A27098F80620DA7098F806209F
:10549000E27098F807201A7198F80720227198F89E
:1054A00008205A7198F80830637198F80F2098F81E
:1054B0001030C6F3C011217398F8111042EA03228C
:1054C00098F8123098F8130042EA014242EA036267
:1054D000C6F380166673226198F8142098F8153088
:1054E00098F8161021761B0443EA022303436361F4
:1054F00098F8173098F818202D4843EA022398F8B6
:10550000192098F81A10638342EA0122A28398F8BE
:105510001B1098F81C2041EA0221E18398F81D2015
:1055200098F81E1042EA012298F81F10228484F88D
:10553000221098F8201098F8212084F8231084F87D
:10554000242098F8221098F8232084F8251084F855
:10555000262098F8241098F82420520901F01F0101
:1055600084F8282042F2107284F8271093424FF0FA
:10557000000181833FF61AAFFFF708FD0D4805B023
:10558000BDE8F04F02F022BD281400205800002092
:10559000181400201C1400200010004014140020D7
:1055A000540000207C180020E8110020741800200E
:1055B0009C1900209810002098F80E50E77AAF420E
:1055C0007FF4F1AE00293FF4EEAE3D4909680029B1
:1055D0003FF4ECAE3B4998F80370D4F806E06489D8
:1055E000C6F380164FF0440C4CEAC61C98F80460D1
:1055F00098F8059098F806A098F807B0CDF808B08C
:1056000098F8088091F800B081F800C00625CDF820
:1056100004A091F801A04D700025DFF8ACC0CDF8D2
:10562000009091F802908D70CDF80C8091F8038075
:105630008CF80380DFF894808CF800B088F8016063
:10564000009E88F80260019E88F803605FFA8EF57C
:10565000029ECD708CF801A08CF8029088F8007042
:1056600088F80460039E88F80560CEF307250E795C
:105670008CF804600D71CEF307464D794E71CEF370
:10568000076E8CF80550E6B28D7981F806E08CF84B
:105690000650CD79CE718CF80750C4F307240D7AEB
:1056A0008CF808500C72C2F80415D2F80012084C9D
:1056B00041F00401C2F8001202222260036075E684
:1056C00054000020481600205817002074180020AD
:1056D0002414002010B50346244C052284B004F1A4
:1056E0008A00DA7000F03EFED4F85200D4F85E1062
:1056F000D4F85620D4F8623000900291684604F144
:10570000CC010192039300F05DFE0023C4F8DC306D
:1057100094F85A00C4F8E03094F86610C4F8E43005
:1057200094F85B20C4F8E83094F8673084F8ED0012
:1057300084F8F11094F85C0084F8EE2094F8681076
:1057400084F8F23094F85D2094F8693084F8EF0022
:105750004FF0020C012084F8F31084F83CC084F868
:10576000F02084F8F43004B010BD00BF7C18002095
:1057700010B52F4B2F4C19795A7984F83D10987930
:1057800084F83E20DA79197A84F83F0084F84020C2
:1057900084F841105A7A987AD97A84F8422084F8A9
:1057A00044101A7B597B84F8430042EA0122987B1B
:1057B000A4F84E20DA7B84F85320197C5A7C84F8B4
:1057C000520084F85410987C84F85520D97C1A7DB6
:1057D00084F8560084F85710597D84F858209A7D33
:1057E00084F8591004F15E00D97D84F85A201A7E9D
:1057F0005B7E84F85B1084F85C2084F85D3000F0F8
:105800006DFD00F047FDB4F84E30A4F86600010CC1
:10581000020E84F8681084F86920A4F850300BB99F
:10582000042010BD204601F06DF9042010BD00BF1A
:10583000281400207C18002038B55F4C216800290E
:1058400054DB082941D0092910D00C297BD0042928
:105850004ED0052900F0A780062940F08480574BE0
:10586000574DD9704FF0010E70460EE0534B544D1A
:10587000D9700022212018718E465A7108469A71FB
:10588000DA711A725A729A72DA7295F8382095F8AB
:1058900039C0D2004FEA8C0C0CF0040C02F0080264
:1058A00042EA0C0242F003021A70464A83F801E011
:1058B000C2F80435444B04294FF002021A600CBFB1
:1058C00005234FF0FF33236038BD3C4B00222125D8
:1058D000D97009201D715A719A71DA711A725A724F
:1058E0009A72DA72364D5FFA80FECEE7002038BD3C
:1058F000334D324B95F85E20D9701A7195F85F20C0
:105900005A7195F860209A7195F86120DA7195F8CE
:1059100062201A7295F863205A7295F864209A7280
:1059200095F86520DA7295F866201A7395F8672065
:105930005A7395F868209A734FF00D0E95F8692008
:10594000DA737046A1E71D4B1D4DD970FF22082068
:1059500018714FF0060E5A7104209A710022D87106
:105960001A72704691E7152911D1144B0022402577
:1059700004204FF0090ED9701D715A719A71D871B7
:105980001D725A720E4D9A72D87270467DE70729C1
:10599000ACD10E4A094B1278D9704FF0020E084D67
:1059A0001A71704671E70548FFF794FE00289DD0F4
:1059B000024B216896E700BF5000002048160020E7
:1059C0007C1800200010004024140020C411002086
:1059D0002DE9F84FA149A24D91F8383091F83920BE
:1059E0000126DB009200002402F0040266F30704A3
:1059F00003F00803134324F00C02134363F307047A
:105A00002B68002B40DA00283CD0964AD3784FF020
:105A1000FF38022BC5F80080DFB247D0082F40D0F6
:105A2000092F35D0032F00F0A7807B1F012B40F2F8
:105A300096800A2F00F098800C2F00F0A380122F80
:105A400000F0AD80012F00F0AF80002F00F0D38078
:105A5000142F00F0EF80152F00F0F180072F17D0E2
:105A6000814B824A1B68177007212960A3B9804BBC
:105A70008048814AE4B2002502211C705D70C0F8A4
:105A800004351160BDE8F88FBDE8F84FFFF7D4BECC
:105A9000754B1B68002BEAD0FFF7CEFE0028E6DD31
:105AA000F0E7714B09221B682A60DFE7DFF8CC9131
:105AB000DFF8CCA1FEF75CFACAF80060C9F8807084
:105AC00000F096FBFDF7DAFFFDF7DEFF6D48FDF70E
:105AD000CFFF002000F044FF664BDFF8ACE1C3F8D5
:105AE000FC6F4FF0030BC3F810B56848C3F814E51A
:105AF000DFF89CE1C3F818E5C3F81C058E20C3F855
:105B00002405002240F20310C3F82C25C3F83065A9
:105B1000C3F834059620C3F844055E49DFF848C150
:105B200040F25B60C3F83805C3F83C150421C3F8A4
:105B30000C154FF6FF71C3F81021C3F80C21C3F800
:105B400008130A21C3F8041389F80123C9F8007067
:105B5000DCF80030CAF80060C5F8008086E7424BE8
:105B600006221B682A6081E703223F4B81F83C2014
:105B70000B221B682A6079E7FFF7FAFD3A4B286091
:105B80001B6873E79179537943EA01230F2B2CD0DB
:105B9000752B24D0344B0C221B682A6066E7324BED
:105BA00013221B682A6061E73B491579537981F814
:105BB00023309079D37981F8240081F82530107A48
:105BC000537A927A81F8225043EA0222264B81F8D6
:105BD00026004FF6FF751B688D83CA8546E7224A6B
:105BE00000210C2311602B6041E71F4A01210C2387
:105BF00011602B6050E7107953799579264943EA73
:105C0000052308764B83D379107A43EA00238B83EC
:105C1000537A907A43EA0023CB83D07A137B40EA0D
:105C20000320537B927B088443EA02220E4BCA85F1
:105C30001B681BE70C4B15221B682A6016E71379BB
:105C40005079117A43EA0020537A01F00FFB064B9A
:105C50004FF0FF321B682A6008E700BF7C18002065
:105C6000500000202814002020140020C41100201F
:105C700048160020001000402414002000E100E03D
:105C8000E4110020016100000801100000D6BE8967
:105C9000FA000302555555009C1900202DE9F843E0
:105CA0006C4E6D4C96F8382096F83930DFF8AC81A0
:105CB00001270025D2009B0067F3070503F00403CA
:105CC00002F008021A4325F00C031A4362F3070599
:105CD000EBB2237000236370A370614BC3F80445DB
:105CE000604B02221A6098F80130032B0FD998F804
:105CF000030098F8043040EA032098F8053098F83B
:105D0000062043EA0223042B4DD0062B76D098F8C8
:105D1000013003F0FF02FBB9534F3979F1B102238F
:105D200063F30105FB88D8B2011DC9B2EDB225703D
:105D30006170190AE070217104216171A2714BB187
:105D4000DD1DFA1D07231946013312F8010F6054B7
:105D50009D42F8D100233B71BDE8F883434E96F88D
:105D60000080B8F1000F26D0022363F30105738889
:105D7000D8B2021DD2B2EDB2257062701A0AE0707C
:105D8000227106226271A1714BB1DD1DF21C072345
:105D90001946013312F8010F60549D42F8D10023D7
:105DA0003370BDE8F883304A08F1070101F06CFA5E
:105DB00086F83B70ABE7384602F094F9814620B391
:105DC000022363F30105FB88D9B20A1DD2B2EDB2FA
:105DD000257062701A0AE17022710422627184F8DF
:105DE0000680002BB6D0DD1DFA1D072319460133AE
:105DF00012F8010F6054AB42F8D1ABE71B4A3346AF
:105E000008F1070101F048F881E71249304601F036
:105E1000B5F80028A0D0022363F301057388D9B236
:105E20000A1DD2B2EDB2257062701A0AE1702271B9
:105E30000622627184F80690002BB0D0DD1DF21CA2
:105E400007231946013312F8010F6054AB42F8D111
:105E5000A5E700BF7C180020481600202814002069
:105E6000001000402414002098100020C01A0020C8
:105E7000F8B5FDF7F1FF934B934A18601B68126861
:105E800092499B1AA3F28B22B2F5957F0AD8086833
:105E90005A0202EB0323C0EB801200EB82000344A2
:105EA0001B0A0B608A4C0A68236840F252310133A6
:105EB000B1EB122F23604FEA122030D2052B854D13
:105EC00000F39480844C2368012B00F09980FDF747
:105ED000D1FF95F83C308149286313B14B78002BF2
:105EE0006DD17F4C48787F4A00236370C6B2D2F8E8
:105EF0000004002800F0CB80087895F839E0C0B2A3
:105F0000002160F30701C1F3C00CF445674617D0C8
:105F1000D2F8003223F00403C2F80032F8BD40F298
:105F2000ED2290426B4DCDD8052BCBDDAB8D642B94
:105F3000C8D96FF09F00FEF721F800232360C1E766
:105F400095F838E0C1F3800171456ED0D2F8003287
:105F500000F0030043F00403C2F8003203288CF081
:105F6000010385F8387085F839306ED05E4A1268C2
:105F7000002A01DB002E69D00138012840F29F8001
:105F80000121002261F3070263F3820255496CF399
:105F9000C3020023D2B222706370A370C1F804451B
:105FA000524963780023E05C627801F8010B013309
:105FB00002329342F7DD4E4B02221A60F8BD4D4B80
:105FC000D3F80034002B49D0D5F8E4304A4A0133E5
:105FD000C5F8E430D5F8E43000201060002B80D103
:105FE000D5F8E8300133C5F8E8307AE7AB8D642B9B
:105FF0007FF668AFA020FDF7C1FF0023236061E7B3
:10600000AA8BA98B40F2E24092B200FB02F2A2F509
:10601000487089B244F6206202FB01F10001374A60
:10602000FDF768FF0323236051E7D2F800022F49F0
:1060300040F00400C2F800024878033011F8012B48
:10604000E25401338342F9D1AAE79EB3A0F10300E1
:10605000B0FA80F04009FFF7BBFCA1E795F83820C3
:1060600095F83910244D1E4C2868D200890002F0A2
:10607000080201F004010A4342F001022270194AA9
:10608000637001302860A370C2F8044588E795F872
:10609000383095F83910DB00890003F0080301F06F
:1060A00004010B4343F0010323706070A070C2F839
:1060B000044575E70C4B1B68002BC7DA70E7FFF748
:1060C000EDFD6DE7BC1A002070180020480000208C
:1060D0006C1800207C180020E811002028140020F3
:1060E00048160020001000405000002058170020E3
:1060F0002414002000F0004068180020F145000042
:1061000010B5354BD3F804215AB9D3F80C1109B3A3
:1061100032490968C3F80C21012911D0022952D053
:1061200010BD2E4A0021C3F804111268022A15D0AE
:10613000D3F80C010028F3D0012AC3F80C11EFD1D9
:10614000274C23689A0725D4DB07E9D5BDE8104022
:10615000FFF700B9BDE81040FDF79CBC204C226859
:10616000022A02BFD3F8002222F00402C3F8002260
:10617000D3F80C31002BD3D0174B0022C3F80C21DD
:106180002368012B21D0022BCAD1134B154AC3F827
:10619000042510BD104A1349134BC2F804151B689F
:1061A000BBB90D4B1148D3F8002242F00202C3F8EC
:1061B0000022D3F80022012142F00402C3F8002299
:1061C0000160216010BD064CDAE7BDE81040FFF722
:1061D0004FBEFDF713FAE4E700100040E411002081
:1061E000241400202814002054000020E81100206E
:1061F000264A82B000230121C2F80032C2F80415F9
:1062000011600193019909020191C2F80031D2F89D
:106210000031002BFBD0D2F80815019B0B430193F2
:10622000019B1A4900201B020193C2F80001D1F81A
:106230000031002BFBD0D1F80825019B13430193BB
:10624000019B124A00201B020193C1F80001D2F801
:106250000031002BFBD0D2F80815019B0B430193B2
:10626000019B0A4900201B020193C2F80001D1F8EA
:106270000031002BFBD0D1F80815019B044A0B43D9
:106280000193019B136002B0704700BF00D0004033
:106290005C0000200F4AD2F800314BB90E4B186851
:1062A00080EA403080EA504080EA40101860704731
:1062B00010B4094BD2F808051C68204380EA40302E
:1062C00080EA504080EA40100021C2F800111860B6
:1062D00010BC704700D000405C00002010B41F4983
:1062E0001F4AD1F800314BBB13681C4983EA433382
:1062F00083EA534383EA43134FEA132C136003707A
:1063000080F801C04FEA134C1B0E80F802C0C37026
:10631000D1F80031D3B9136883EA433383EA534396
:1063200083EA43134FEA132C190C136003711B0EFD
:1063300010BC80F805C08171C37170471468D1F832
:10634000083523430024C1F80041CEE71468D1F892
:10635000083523430024C1F80041DDE700D00040A8
:106360005C000020164B90F800C04278817800B5A0
:1063700083F800C05A70C278997090F804C0DA703F
:10638000427983F804C081795A71C279997190F881
:1063900008C0DA71427A83F808C0817A5A72C27AE8
:1063A000997290F80CE0DA7290F80DC0817BC27B94
:1063B00083F80CE083F80DC09973DA735DF804FB81
:1063C0005C1B002010B42F4BC27B1A74827B5A7462
:1063D000427B9A74027BDA74C27A1A75827A5A7591
:1063E000427A9A75027ADA75C2791A7682795A7681
:1063F00042799A760279DA76C2781A7782785A7771
:1064000042789A77204C0278DA7700200122C4F88B
:106410000435C4F800012260D4F80021002AFBD022
:1064200093F82F200A7093F82E204A7093F82D20AD
:106430008A7093F82C20CA7093F82B200A7193F875
:106440002A204A7193F829208A7193F82820CA716A
:1064500093F827200A7293F826204A7293F8252091
:106460008A7293F82420CA7293F823200A7393F84F
:1064700022204A7393F821208A7393F82030CB733B
:1064800010BC70475C1B002000E0004070B58CB071
:1064900000259DF84460109C0795AC4663F3070CFB
:1064A00066F30F2C0E68CDF802608E888979129BF6
:1064B0008DF808101168CDF8091091889279ADF81F
:1064C0000D108DF80F2099881A682368ADF800C068
:1064D0000492CDF81630227963798DF81A208DF860
:1064E0001B300268009BADF806605A404468019B6F
:1064F000ADF814105C401399D0F808C0029BD0F896
:106500000CE081488CEA030C039B8EEA030E7F4B60
:10651000CEF307661E74CEF307465E74CEF30726ED
:106520005FFA8EFE9E7483F813E0CCF3076E83F857
:1065300014E0CCF3074E83F815E0CCF3072E5FFA96
:106540008CFC83F816E083F817C0C4F3076C83F85B
:1065500018C0C4F3074C83F819C0C4F3072CE4B285
:1065600083F81AC0DC76C2F307641C77C2F30744D1
:106570005C77C2F30724D2B29C77DA770122C0F8A5
:106580000435C0F800510260D0F80021002AFBD089
:1065900093F82F4093F82E208DF820408DF821207D
:1065A00093F82D4093F82C208DF822408DF823206D
:1065B00093F82B4093F82A208DF824408DF825205D
:1065C00093F8294093F828208DF826408DF827204D
:1065D00093F8274093F826208DF828408DF829203D
:1065E00093F8254093F824208DF82A408DF82B202D
:1065F00093F8234093F822208DF82C408DF82D201D
:1066000093F8214093F820208DF82F208DF82E400C
:10661000089C049A099D0A9E6240059C6C40069D58
:1066200086EA050C079D0B9E86EA050ECEF30765EC
:106630001D74CEF307455D74CEF307259D745FFA94
:106640008EFECCF3076583F813E01D75CCF3074588
:106650005D75CCF307259D755FFA8CFCC4F3076567
:1066600083F817C01D76C4F307455D76C4F307258C
:10667000E4B29D76DC76C2F307641C77C2F307446C
:106680005C77C2F307249C77D2B20024DA77C0F893
:1066900004350122C0F800411B4C0260D4F80021EF
:1066A000002AFBD093F82F200A7093F82E204A700E
:1066B00093F82D208A7093F82C20CA7093F82B2021
:1066C0000A7193F82A204A7193F829208A7193F865
:1066D0002820CA7193F827200A7293F826204A725C
:1066E00093F825208A7293F82420CA7293F8232005
:1066F0000A7393F822204A7393F821208A7393F83F
:106700002030CB730CB070BD00E000405C1B00205B
:106710002DE9F04F87B03D4BCD798E794F7991F8C7
:1067200004C091F803E090F8079090F806A090F864
:106730000580019502968578C6780397077990F8C9
:1067400000B0CDF810C0CDF814E091F802C090F878
:1067500001E04878097883F8109083F811A083F855
:106760001280DF741E755D75019D83F816E083F855
:1067700017B01D76029D5D76039D9D76049DDD76A6
:10678000234C059D1D7783F81DC09877D97700208D
:106790000121C4F80435C4F800012160D4F80011C7
:1067A0000029FBD093F82010117093F8211051703C
:1067B00093F82210917093F82310D17093F824105D
:1067C000117193F82510517193F82610917193F877
:1067D0002710D17193F82810117293F82910517273
:1067E00093F82A10917293F82B10D17293F82C1011
:1067F000117393F82D10517393F82E10917393F831
:106800002F30D37307B0BDE8F08F00BF5C1B0020B2
:1068100000E0004090F8DBC090F8DA3080F8F63005
:1068200090F8D92090F8D83080F8F5C080F8F8308A
:1068300090F8D7C090F8D63080F8F72080F8FA307A
:1068400090F8D52090F8D43080F8F9C080F8FC306A
:1068500090F8D3C090F8D23080F8FB2080F8FE305A
:1068600090F8D12090F8D03080F8FDC080F8003149
:1068700090F8CFC090F8CE3080F8FF2080F8023139
:1068800090F8CD2090F8CC3080F801C110B480F899
:10689000032180F8043190F8EC3000F1F501002B71
:1068A00044D1D0F8DC40D0F8DC30D0F8DC2080F8DF
:1068B00005411B0A80F80631D0F8DC30D0F8E04002
:1068C00080F80941120C1B0E80F8072180F808316E
:1068D000002390F8ECC0A0F80A3180F80C3190F851
:1068E000ED3080F80DC180F80E3190F8EEC090F8D0
:1068F000EF3080F80FC180F8103190F8F0C090F8B8
:10690000F13080F811C180F8123190F8F2C0134ACA
:1069100090F8F33080F8143190F8F43080F813C117
:1069200080F81531C2F8081510BC7047D0F8E44063
:10693000D0F8E430D0F8E42080F805411B0A80F854
:106940000631D0F8E430D0F8E84080F80941120C64
:106950001B0E80F8072180F80831B9E700F00040ED
:10696000012810B41DD002280AD038B9144A154B9A
:106970004FF04071C2F80815C3F8000510BC70470D
:106980000F4A104B4FF080744FF00071C2F804456D
:10699000C2F808150122C3F80022C3F8000510BC94
:1069A0007047084B06484FF0407400210222C0F89F
:1069B0000445C3F80012C3F8002510BC704700BF9F
:1069C00000F0014000F000404249434B434AC0F808
:1069D000921010B4C0F8963001F1EE5103F19C43CF
:1069E0003F4CC0F88E2001F58C113E4AC0F88A4019
:1069F00003F5DA333C4CC0F89E2001F23A513B4A91
:106A0000C0F89A4003F5B573C0F8A210C0F8A630DC
:106A10003749384BC0F8BE20374C384AC0F8C2104E
:106A2000C0F8BA40C0F8C630D2F800313449002B63
:106A300047D10B6883EA433383EA534383EA431322
:106A40009CB2002264F30F0264F31F422B4CC0F887
:106A50004E20D4F800212AB1D4F80825134300228F
:106A6000C4F8002183EA433383EA534383EA4313A0
:106A70001C0A80F846401C0C80F847401F4A80F8EA
:106A800045301C0E80F84840D2F800412CB1D2F8B5
:106A9000084523430024C2F8004183EA433383EAD4
:106AA000534383EA43131C0A1A0C0B6080F84930E5
:106AB0001B0E80F84A4080F84B2010BC80F84C3008
:106AC00070470C68D2F8083523430024C2F800410F
:106AD000B0E700BFCD92571CE1A66B30B97E4308EA
:106AE000A56A2FF4C3D4E5F67F90A1B2156CC31A42
:106AF00071C81F76CD247BD2B91067BE00D000408C
:106B00005C000020184A194BC0F89220C0F896305B
:106B100002F1EE5203F19C4310B41549154CC0F834
:106B20008A4002F58C1203F5DA33134CC0F88E104C
:106B300002F23A521149C0F89A4003F5B573104C6D
:106B4000C0F89E10C0F8A2200E490F4AC0F8A63027
:106B50000E4BC0F8BA40C0F8BE1010BCC0F8C2203E
:106B6000C0F8C630704700BFCD92571CE1A66B300D
:106B7000B97E4308A56A2FF47F90A1B2C3D4E5F68D
:106B8000B91067BE156CC31A71C81F76CD247BD2AD
:106B900070B50B1A8033022B88B00C46164649D9C3
:106BA000D0F80130C1F88230D0F80530C1F8863015
:106BB000D0F80930C1F88A30D0F80D30C1F88E30E5
:106BC000002104F152050020CDE90401CDE90601C0
:106BD0002846FFF783FB04F15A00FFF77FFB04A868
:106BE000FFF7C0FB04F17203317B0393B31D0293E3
:106BF000737B04F14B02CDE90061284604F14401A6
:106C0000FFF744FCD4F87220D4F87A30D4F8760038
:106C1000D4F87E10C4F8052003250122C4F80D30F5
:106C200011232571C4F80900C4F811102270638083
:106C300008B070BD437881F88230837881F8833062
:106C4000C37881F88430037981F88530437981F8FD
:106C50008630837981F88730C37981F88830037A68
:106C600081F88930437A81F88A30837A81F88B30D1
:106C7000C37A81F88C30037B81F88D30437B81F8B7
:106C80008E30837B81F88F30C37B81F89030037C1A
:106C900081F8913094E700BF70B5831C01F1620662
:106CA000F31A022B8CB00C46154640F2C480D0F883
:106CB0000130C1F86230D0F80530C1F86630D0F844
:106CC0000930C1F86A30D0F80D30C1F86E300022BA
:106CD000002304A8CDE90423CDE90623FFF742FBF6
:106CE00008AB2A7B0393AB1D02936B7B04F1440139
:106CF000CDE90052304604F14B02FFF7C7FB94F890
:106D000082209DF8203094F88310D31AB3FA83F3CD
:106D10009DF821205B09914218BF00239DF82210A5
:106D200094F88420914218BF00239DF8231094F812
:106D30008520914218BF00239DF8241094F88620E6
:106D4000914218BF00239DF8251094F887209142A6
:106D500018BF00239DF8261094F88820914218BF90
:106D600000239DF8271094F88920914218BF002332
:106D70009DF8281094F88A20914218BF00239DF8AE
:106D8000291094F88B20914218BF00239DF82A10F7
:106D900094F88C20914218BF00239DF82B1094F892
:106DA0008D20914218BF00239DF82C1094F88E205E
:106DB000914218BF00239DF82D1094F88F20914226
:106DC00018BF00239DF82E1094F89020914208D00F
:106DD00040F2054101220223A180227063800CB0A1
:106DE00070BD94F891109DF82F209142F0D1002BA6
:106DF000EED0D4F85230C4F80530D4F85A30D4F874
:106E00005620C4F80D300123C4F809202370D4F8AB
:106E10005E20C4F81120112304212171638005F143
:106E20008A02314604F15200FFF772FC0F2384F806
:106E30009A300CB070BD437881F86230837881F865
:106E40006330C37881F86430037981F86530437921
:106E500081F86630837981F86730C37981F86830CA
:106E6000037A81F86930437A81F86A30837A81F84D
:106E70006B30C37A81F86C30037B81F86D30437BD3
:106E800081F86E30837B81F86F30C37B81F870307E
:106E9000037C81F871301AE791F800C0BCF1010F52
:106EA000084611465FFA8CF207D0032A02D0042A62
:106EB00032D070471A46FFF76BBE10B5A1EB000C3D
:106EC00083792B4C81F898200CF14A0C03F00703CE
:106ED0004FF0100EBCF1090FC1F894304C608B726A
:106EE000A1F808E01BD902684A64C1F84B40027956
:106EF00081F8482081F84FE0447981F84940002228
:106F000081F85020827981F84A2081F8513001229D
:106F100007230A704B8010BD1A46FFF7BDBE0478E8
:106F200081F84440022481F84B40447881F8454080
:106F3000032481F84C40847881F84640002481F88D
:106F40004D4090F803C081F847C081F84E20027987
:106F500081F8482081F84FE0427981F8492081F892
:106F60005040827981F84A2081F85130CFE700BF44
:106F70000203000180F89910704700BF30B590F807
:106F8000985083B0C5B190F899500446A5B190F8D7
:106F90009A30A3B9D0F8943013F0010551D1DD0433
:106FA0002CD4980700F196809A040DD413F00405B0
:106FB00040F0B38084F89850284603B030BD013BC0
:106FC00080F89A300025F7E7CA43224440F20910BE
:106FD000022AA08040F20B81D1F80620C4F80620D6
:106FE0008A7AA272CA7AE2720120082223F400533C
:106FF00020706280C4F894300546DDE707220271F4
:10700000B1F84E204271B1F84E00621A3F3A000AC0
:10701000022AA07140F2A180D1F84520C4F80720CF
:10702000D1F84920C4F80B2001200B21022223F4BF
:1070300080532070618084F89A20C4F8943005460B
:10704000BAE743F480530622C0F894300271084630
:107050000191FFF7B9FC019991F89930637191F8AA
:107060009830A37191F89730E37191F896302372BC
:1070700091F89530637291F89430A37291F893303F
:10708000E37291F89230237391F89130637391F821
:107090009030A37391F88F30E37391F88E3023749E
:1070A00091F88D30637491F88C30A37491F88B3023
:1070B000E37491F88A20227501232370D4F8943068
:1070C0001121032223F00103618084F89A20C4F87F
:1070D000943071E7621A43F40050963AC4F8940071
:1070E000022A4FF00800207150D9D1F89A20C4F834
:1070F0000520D1F89E20C4F80920D1F8A220C4F8B8
:107100000D20D1F8A620C4F8112023F0020301209D
:107110001121022243F400538BE7621AB63A0A2087
:10712000022A207170D9D1F8BA20C4F80520D1F80C
:10713000BE20C4F80920D1F8C220C4F80D20D1F82F
:10714000C620C4F811200120112223F0040320706E
:107150006280C4F8943005462EE791F84520E2712C
:1071600091F84620227291F84720627291F84820E7
:10717000A27291F84920E27291F84A20227391F8A4
:107180004B20627391F84C20A2734DE791F89A203E
:10719000627191F89B20A27191F89C20E27191F8A4
:1071A0009D20227291F89E20627291F89F20A27217
:1071B00091F8A020E27291F8A120227391F8A22008
:1071C000627391F8A320A27391F8A420E27391F85E
:1071D000A520227491F8A620627491F8A720A274C9
:1071E00091F8A820E27491F8A92022758DE78A7998
:1071F000A271CA79E2710A7A22724A7A62728A7A32
:10720000A272CA7AE272EFE691F8BA20627191F83E
:10721000BB20A27191F8BC20E27191F8BD202272CE
:1072200091F8BE20627291F8BF20A27291F8C0203E
:10723000E27291F8C120227391F8C220627391F832
:10724000C320A27391F8C420E27391F8C520227480
:1072500091F8C620627491F8C720A27491F8C820F2
:10726000E27491F8C92022756DE700BF2428054B10
:1072700002DC25221A7070476028C6BF60221A708F
:1072800018707047600000202DE9F04F0B78022B3A
:10729000924600F07C81DAB2042A76D0102A40F0BF
:1072A000BF8191F801E08B78CF784EEA032E0B79FD
:1072B000704647EA0327B8420FFA8EFE00F2958126
:1072C000002800F092814B798A7943EA0223B3F5D2
:1072D000205F4FF011028AF8082040F07481CB4BF8
:1072E000D3F800C0BCF1000F40F36E85C84B0022FC
:1072F0004FF0FF394FF001084FF0060B07E0B9F1EE
:10730000010F40F0BC840132624500F0728453F8F2
:10731000044BE1888142F6D3B942F4D86489002C49
:10732000EDD0B9F1020FEED0BAF8005008F1050423
:10733000AC4280F25E84B9F1FF3F00F0908408F126
:1073400004050AEB08065544317253F8041CC98839
:10735000090A717253F8041C0989B17253F8041CAC
:107360000989090AF17253F8041C4989297253F8F2
:10737000041C49895444090A217253F8041C4989A0
:1073800008F106080029BED1B9E74F788B78CD788F
:1073900047EA03273BB29B460B7945EA0325AF42F8
:1073A000384600F21281002F00F00F81974B1C68C5
:1073B0000523002C8AF8083040F395804FF0010E29
:1073C000934B00224FF0020976462F468C461BE075
:1073D000BAF80080414580F281802E728E4653F8C3
:1073E000041CC988697253F8041CC988090AA97267
:1073F00053F8041C4989E97253F8041C4989090AA5
:1074000029730132A24269D053F8045BE9888142B2
:10741000F7D3B942F5D8B5F80A800EF105010AEBA9
:107420000E05B8F1000FD3D1BAF800500EF11208D2
:10743000A8450AEB0E0151DA81F8089053F8045C74
:10744000ED884D7253F8045CED882D0A8D7253F867
:10745000045C2D7BCD7253F8045C6D7B0D7353F887
:10746000045CAD7B4D7353F8045CED7B8D7353F876
:10747000045C2D7CCD7353F8045C6D7C0D7453F863
:10748000045CAD7C4D7453F8045CED7C8D7453F852
:10749000045C2D7DCD7453F8045C6D7D0D7553F83F
:1074A000045CAD7D4D7553F8045CED7D8D7553F82E
:1074B000045C2D7ECD7553F8045C6D7E0D7653F81B
:1074C000045CAD7E4D7653F8041CD0440132C97E75
:1074D00088F80810A2420EF1130E95D1BEF1020FEA
:1074E000614600F392810A2301208AF80C300522BC
:1074F00040F20143AAF80AB08AF80400AAF806206C
:10750000AAF808304B788A78CD7843EA02230A79C2
:1075100045EA0225AB421C460FFA83F800F2E780E9
:10752000002B00F0E48005238AF80830394BD3F8AB
:1075300000E0BEF1000F1ADDDFF8DCC000275CF8C8
:10754000046BF06800280FDD06F12E0303EB40000A
:10755000002133F8022FA24202D3AA4240F23B811B
:10756000984201F10101F4D10137BE45E7D10A2368
:10757000012105228AF80C3040F20143AAF80A8062
:107580008AF80410AAF80620AAF808301BE04B7805
:107590008A7843EA0223162B40F2B8801F49097803
:1075A0008AF809108B424FF0030228BF0B460020D7
:1075B00001218AF808208AF80A008AF80410AAF83B
:1075C0000620AAF80230BDE8F08F0123052140F221
:1075D0000142AAF80AB08AF80C308AF80430AAF8F6
:1075E0000610AAF80820BDE8F08F0123052141F21A
:1075F0000102AAF80AE08AF80C308AF80430AAF8E6
:107600000610AAF80820BDE8F08F00BFD01C0020AB
:107610008C1C0020CC1C00208C1B00206000002053
:10762000082A40F0F8804B788A78CC7843EA022325
:107630000A7944EA0224A3421EB276D8002B74D001
:1076400091F805C08A7910284CEA022C00F39B803F
:1076500009228AF8082042F60202944500F083804D
:1076600042F603029445754A00F09E801568002D8D
:1076700079DD1028724F4FF0000165DC57F8042BBC
:107680001089834201F1010100F2A1808442C0F01F
:107690009E80B2F87000002800F09980844540F088
:1076A0009680D2F8883002338AF8093013898AF834
:1076B0000A3013891B0A8AF80B30D2F88830002B65
:1076C00040F37C840AF10B010023D0185C1D90F874
:1076D0008C0001F8010FD2F8880001339842F4DCE5
:1076E000A4B201238AF80430AAF806406BE701220D
:1076F000052140F20143AAF80A808AF80C208AF892
:107700000420AAF80610AAF808305CE740F201202D
:10771000042101220523CAF808008AF80C108AF80F
:107720000420AAF80630BDE8F08F0123052140F6B9
:107730000102AAF80A608AF80C308AF80430AAF824
:107740000610AAF808203EE757F8042B1089984243
:1077500001F1010105D3A04203D8B2F8700000285E
:107760009FD08D42F0D10A23012105228AF80C30E6
:1077700040F60103AAF80A608AF80410AAF8062065
:10778000AAF808301FE74A798A79CA790A7A4A7AC8
:107790008A7ACA7A0A7B4A7B8A7BCA7B0A7C4A7CC1
:1077A0008A7CCA7C0A7D53E71768002FDBDDDFF88F
:1077B00090C00022604650F8045BE988994202D3E9
:1077C000A14240F241830132BA42F4D1CBE78D426B
:1077D0007FF454AFC7E706EB410101228AF8092084
:1077E0000B8E8AF80A300B8E1B0A8AF80B300B8A34
:1077F0008AF80C300B8A8AF8042006201B0A8AF8C3
:107800000D30AAF80600BDE8F08F01238AF8043095
:10781000AAF806E0D7E6042A3FF474AE0A2A40F03C
:1078200099804A788B7842EA0322044B1E68002E26
:1078300017B240F32581024D002069E0CC1C0020E6
:107840008C1B002001295FD05C8E944200F0B78130
:10785000022959D09C8E944200F0B381032953D061
:10786000DC8E944200F0AF8104294DD01C8F9442ED
:1078700000F0BB81052947D05C8F944200F0C381A2
:10788000062941D09C8F944200F0C18107293BD04A
:10789000DC8F944200F0E181082935D0B3F84040F4
:1078A000944200F05F8209292ED0B3F842409442FE
:1078B00000F05E820A2927D0B3F84440944200F0D9
:1078C0005D820B2920D0B3F84640944200F08D82AF
:1078D0000C2919D0B3F84840944200F08E820D294B
:1078E00012D0B3F84A40944200F08B820E290BD09C
:1078F000B3F84C40944200F0E2820F2904D0B3F870
:107900004E10914200F0DF820130B04200F0B880AA
:1079100055F8043B1989914200F08281D968002909
:10792000F2DD1C8E94428DD1002203EB42030B2228
:107930008AF80820B3F850208AF80920B3F85030AC
:107940001B0A03228AF80A3001238AF80430AAF8B5
:10795000062038E6122A40F0A3804A788B7842EA63
:107960000322AD4BD3F800C0BCF1000F0FFA82FE2A
:1079700040F32B81A94E002565E0012C5FD05F8E7E
:10798000974200F03481022C59D09F8E974200F02C
:107990003C81032C53D0DF8E974200F03A81042CB7
:1079A0004DD01F8F974200F0DB81052C47D05F8FB1
:1079B000974200F0DB81062C41D09F8F974200F068
:1079C000DB81072C3BD0DF8F974200F0DB81082C56
:1079D00035D0B3F84070974200F00B82092C2ED0BE
:1079E000B3F84270974200F00A820A2C27D0B3F80D
:1079F0004470974200F009820B2C20D0B3F84670F7
:107A0000974200F05E820C2C19D0B3F84870974270
:107A100000F05D820D2C12D0B3F84A70974200F04E
:107A20005C820E2C0BD0B3F84C70974200F053825E
:107A30000F2C04D0B3F84E40944200F0548201352C
:107A4000654500F0C28056F8043B1C89944200F062
:107A50009B81DC68002CF2DD1F8E97428DD10022C5
:107A600013208AF80800C8780979283240EA0121F1
:107A700023F8121001238AF80430AAF80630A2E590
:107A80000A23012105228AF80C3040F60123AAF8C6
:107A90000A708AF80410AAF80620AAF8083092E5BD
:107AA000522A7FF490AD00258AF80450AAF80650B7
:107AB0004C788B7844EA0324574BD3F800C0AC458C
:107AC0007FF781AD554E65E0012A5FD05F8EA742FA
:107AD00000F04A81022A59D09F8EA74200F04A81C5
:107AE000032A53D0DF8EA74200F04A81042A4DD0EA
:107AF0001F8FA74200F07B81052A47D05F8FA742E6
:107B000000F07981062A41D09F8FA74200F07B8147
:107B1000072A3BD0DF8FA74200F0CF81082A35D05B
:107B2000B3F84070A74200F0D081092A2ED0B3F8F4
:107B30004270A74200F0CD810A2A27D0B3F84470E2
:107B4000A74200F0CC810B2A20D0B3F84670A742A0
:107B500000F0C7810C2A19D0B3F84870A74200F092
:107B6000CB810D2A12D0B3F84A70A74200F0C2812F
:107B70000E2A0BD0B3F84C70A74200F022820F2AD5
:107B800004D0B3F84E20A24200F01D8201356545B5
:107B90003FF419AD56F8043B1A89A24200F0378130
:107BA000DA68002AF2DD1F8EA7428DD10022C87844
:107BB0000979283240EA012123F8121003E5012255
:107BC000B3E60222B1E60322AFE60A230121052231
:107BD0008AF80C3041F20123AAF80AE08AF804106E
:107BE000AAF80620AAF80830EDE404229DE6012256
:107BF00036E7B8F1050F40F3E78001238AF8043037
:107C0000AAF80680DFE405228FE6022228E7062292
:107C10008BE6032224E700BFCC1C00208C1B002035
:107C20000B228AF80820D3F88820002AD8BF012226
:107C30000FDD0AF10800002211465C18013294F8A9
:107C40008C4000F8014FD3F88840A242F4DB8A1C34
:107C500092B2012183F8521176E6072265E60AEB1B
:107C60000801254681F808B053F8041C08F1060401
:107C7000C98808F101084FF00109FFF762BBBAF8A3
:107C8000001008F113058D42B3DAB9F1FF3F40F05F
:107C90002C810AEB08014FF014040C7208F1140651
:107CA00008F101044FF0020953F8041CB1F80680F2
:107CB0000AEB0401554481F8088004F1140853F8D4
:107CC000044CE488240A4C7253F8044C24898C72C6
:107CD00053F8044C2489240ACC7253F8044C247BB6
:107CE0000C7353F8044C647B4C7353F8044CA47B22
:107CF0008C7353F8044CE47BCC7353F8044C247C11
:107D00000C7453F8044C647C4C7453F8044CA47CFD
:107D10008C7453F8044CE47CCC7453F8044C247DEC
:107D20000C7553F8044C647D4C7553F8044CA47DD9
:107D30008C7553F8044CE47DCC7553F8044C247EC8
:107D40000C7653F8044C647E4C7653F8041C897E00
:107D5000297253F8041C5644C97E3172FFF7D3BA16
:107D600004227DE60822E0E5012220E7052277E6ED
:107D70000922DAE502221AE7062271E60A22D4E590
:107D8000032214E707226BE6C51E182D4FF01302DD
:107D9000A8BF182503288AF808200DDD002203312A
:107DA000885C9C18C0B284F88C00885C0132C0B238
:107DB000954284F8F000F3DC0122C3F88850C3F840
:107DC000EC5083F8512155E60A23012105228AF857
:107DD0000C3041F20103AAF80AE08AF80410AAF86C
:107DE0000620AAF80830FFF7EEBB0B229DE504221F
:107DF000DDE6082234E60522D9E60C2295E50922C3
:107E00002EE60D2291E50622D1E60A2228E6C51EBD
:107E1000182DA8BF182503280DDD00220331885C2A
:107E20009C18C0B284F88C00885C0132C0B29542C4
:107E300084F8F000F3DC0122C3F88850C3F8EC505A
:107E400083F85121FFF7BFBBB5F87030002B14BF8A
:107E5000072315238AF809305CF82230DB888AF87A
:107E60000A305CF82230DB881B0A8AF80B305CF899
:107E700022301B798AF80C305CF822301B898AF892
:107E80000D305CF822301B891B0A8AF80E305CF832
:107E90002230B3F8701089B38AF80F105CF82230E2
:107EA000B3F870301B0A09218AF8103001238AF8D0
:107EB0000430AAF80610FFF786BB072277E60E22E9
:107EC00033E50B22CCE50F222FE508226FE60C22CA
:107ED000C6E509226BE60E22C2E50D22C0E50A22A4
:107EE00065E60B2263E60F22BAE52E46444608F10A
:107EF0001205D9E60D225AE60C2258E693F87230A4
:107F00008AF80F305CF8223093F873308AF810301A
:107F10005CF8223093F874308AF811305CF8223023
:107F200093F875308AF812305CF8223093F8763086
:107F30008AF813305CF8223093F877308AF81430DE
:107F40005CF8223093F878308AF815305CF82230EB
:107F500093F879308AF816305CF8223093F87A304A
:107F60008AF817305CF8223093F87B308AF81830A2
:107F70005CF8223093F87C308AF819305CF82230B3
:107F800093F87D308AF81A305CF8223093F87E300E
:107F90008AF81B305CF8223093F87F308AF81C3066
:107FA0005CF8223093F880308AF81D305CF822307B
:107FB00093F881308AF81E30172177E70424FFF701
:107FC00090BB0E22F3E50F22F1E500BF434B1B6887
:107FD000002B40F38180424910B542F6021001EBBC
:107FE000830C4FF0000E01E0614574D051F8043B62
:107FF000DA68002AF8DD1C8A844208BFA3F850E042
:10800000012AF1D05C8A844208BFA3F852E0022A18
:10801000EAD09C8A844208BFA3F854E0032AE3D044
:10802000DC8A844208BFA3F856E0042ADCD01C8B0B
:10803000844208BFA3F858E0052AD5D05C8B84425F
:1080400008BFA3F85AE0062ACED09C8B844208BF12
:10805000A3F85CE0072AC7D0DC8B844208BFA3F8F2
:108060005EE0082AC0D01C8C844208BFA3F860E000
:10807000092AB9D05C8C844208BFA3F862E00A2ABE
:10808000B2D09C8C844208BFA3F864E00B2AABD02A
:10809000DC8C844208BFA3F866E00C2AA4D01C8DB7
:1080A000844208BFA3F868E00D2A9DD05C8D84420D
:1080B00008BFA3F86AE00E2A96D09C8D844208BFC0
:1080C000A3F86CE00F2A8FD0DA8D824208BFA3F8A4
:1080D0006EE061458AD110BD704700BFCC1C002006
:1080E0008C1B002030B41D4B1D68002D31DD1C4C55
:1080F000002201E0AA422CD054F8043B93F850111E
:1081000001320029F6D01B2202721A8942721A89A2
:10811000120A8272D3F88820002A1DDD00F10A04B9
:1081200000229D18114695F88C5004F8015FD3F891
:1081300088500132AA42F4DB043189B24FF0010CBD
:10814000002280F804C0C18083F85021604630BC12
:108150007047002030BC70470321EFE7CC1C0020A3
:108160008C1B00200649074A074B9B1A03DD043B82
:10817000C858D050FBDC00F013F8F8F789F800007D
:1081800004A1000000000020D4000020FEE7FEE76C
:10819000FEE7FEE7FEE7FEE7FEE7FEE7FEE7FEE7B7
:1081A0004FF080534FF08041D3F844020022C0F3D7
:1081B0004230C1F83C05C1F80C21C1F81021C1F8CA
:1081C0003825464AD3F80404C2F82005D3F8080439
:1081D000C2F82405D3F80C04C2F82805D3F810041B
:1081E000C2F82C05D3F81404C2F83005D3F81804EB
:1081F000C2F83405D3F81C04C2F84005D3F82004B3
:10820000C2F84405D3F82404C2F84805D3F828047A
:10821000C2F84C05D3F82C04C2F85005D3F830044A
:10822000C2F85405D3F83404C2F86005D3F8380412
:10823000C2F86405D3F83C04C2F86805D3F84004DA
:10824000C2F86C05D3F84434C2F87035D1F8003464
:10825000DB0744BF6FF00103C1F800344FF0102377
:10826000D3F80022002A07DBD3F80432002B03DB0B
:108270001B4B1C4A1A6070471B4A0123C2F8043585
:10828000D2F80034002BFBD04FF010231521164AF2
:10829000C3F80012D2F80034002BFBD04FF01023AB
:1082A0001521114AC3F80412D2F80034002BFBD078
:1082B00000230D49C2F80435D1F80034002BFBD05F
:1082C000BFF34F8F09490A4BCA6802F4E0621343B7
:1082D000CB60BFF34F8F00BFFDE700BF00C0004081
:1082E000640000200090D00300E0014000ED00E0B9
:1082F0000400FA05002301461A46184600F0DCB8CF
:1083000008B5074B044613B1002100F02BF9054BCB
:108310001868836A03B19847204600F0DDFF00BF6C
:1083200065850000B8A0000038B5084B084D5B1B00
:108330009C1007D0043B1D44013C55F80439984774
:10834000002CF9D1BDE8384001F0AEBED4000020C9
:10835000D000002070B50D4E0D4D761BB61006D026
:10836000002455F8043B01349847A642F9D1094E40
:10837000094D761B01F092FEB61006D0002455F888
:10838000043B01349847A642F9D170BDCC000020CF
:10839000CC000020D0000020CC000020830730B5A6
:1083A00048D0541E002A3FD0CAB2034601E0013C27
:1083B0003AD303F8012B9D07F9D1032C2DD9CDB267
:1083C00045EA05250F2C45EA054536D9A4F11002EA
:1083D00022F00F0C03F1200EE6444FEA121C03F1C9
:1083E000100242E9045542E9025510327245F8D1B3
:1083F0000CF1010214F00C0F03EB021204F00F0C4D
:1084000013D0ACF1040323F003030433134442F804
:10841000045B9342FBD10CF003042CB1CAB21C44A0
:1084200003F8012B9C42FBD130BD64461346002C5F
:10843000F4D1F9E703461446BFE71A46A446E0E73D
:108440000CB410B59CB01EAB6FF00044CDE906141F
:108450000291084953F8042B059102A90193049451
:1084600000F0BEF9029B00221A701CB0BDE810405B
:1084700002B070470802FFFF0EB410B59DB06FF058
:1084800000411FABCDE906010491094953F8042BC3
:108490000290084C0868019302A9059400F0A0F925
:1084A000029B00221A701DB0BDE8104003B0704757
:1084B000680000200802FFFFF0B5264C256883B055
:1084C00006460F4605B36C681F2C3FDCA6B1D5F8F5
:1084D000880048B3D0F8001140F824204FF0010C78
:1084E0000CFA04FC00EB84024CEA0101022EC0F8F5
:1084F0000011C2F8803010D0A31C01346C6045F824
:108500002370002003B0F0BD1349144D25600029ED
:10851000D9D00968C5F88810D5E7D0F8043143EA06
:108520000C03C0F80431E7E70D49CDE9002369B138
:108530004FF48470AFF3008040B10021C0E94011D6
:10854000DDE900236C68C5F88800C5E74FF0FF300F
:10855000D8E700BF601D002000000000D41C0020F0
:10856000000000002DE9F04FDFF8B4A083B0DAF886
:1085700000700190D7B189467D68D7F888806C1E5D
:1085800014D407EB8506043608EB8505B9F1000F16
:108590000FD0B8F1000F02D0EB6F4B4509D0013C72
:1085A000631CA5F10405A6F10406EFD103B0BDE8F4
:1085B000F08F7B683268013BA34216BF00237C60CA
:1085C0003360002AEBD0D7F804B0B8F1000F19D00F
:1085D000D8F80001012303FA04F1014212D0D8F8BF
:1085E0000401014217D155F8041C019890477A689C
:1085F0005A450BD1DAF80030BB42D0D01F46002FCD
:10860000BAD1D3E790477A685A45F3D0DAF80070C8
:10861000002FB1D1CAE755F8040C9047E7E700BF37
:10862000601D00202DE9F0478F689F420C461D46D3
:10863000164638D88246888910F4906F0ED10868A3
:108640003D462A46314600F0BDFCA2682368D21B95
:108650002B44A26023600020BDE8F0874B690969C4
:1086600003EB4308236808EBD878A3EB01096B1CE4
:108670004FEA68084B444345424684BF9846424609
:10868000430513D51146504600F076FD074608B362
:1086900021694A4600F0FCFBA38923F4906343F070
:1086A0008003A38107E008681F46CAE7504600F030
:1086B000BDFD074650B107EB0900A8EB0903276190
:1086C000C4F81480A36020602F46BAE721695046A1
:1086D00000F0F4FC0C23CAF80030A38943F04003F7
:1086E0004FF0FF30A381B7E72DE9F04F936883B0D7
:1086F0009146002B6DD017688D6880460C4608683F
:10870000083743E0A38913F4906F2ED0D4E9041501
:10871000A0EB010A05EB450505EBD5750AEB060054
:108720006D100130A8422A4684BF05462A465B05E3
:1087300036D51146404600F01FFD00283AD052467B
:108740002169019000F0A4FBA289019B22F49062B0
:1087500042F08002A281A5EB0A0203EB0A006561E8
:10876000A260236120603546B2465946524600F069
:1087700029FCD9F80830A16820684D1B50449E1B85
:10878000A5602060C9F808601EB3083757E902B633
:10879000002EFAD0B542AA46B4D93546B246E4E72F
:1087A000404600F043FD03460028D4D121694046ED
:1087B00000F084FC0C23C8F80030A389002243F0A9
:1087C00040034FF0FF30A381C9E9012203B0BDE8A7
:1087D000F08F0020C9F8040003B0BDE8F08F00BF9F
:1087E0002DE9F04F1C468B891D069DB088468146B9
:1087F000924603D50B69002B00F0EF80002309930C
:1088000020238DF8293030238DF82A309AF8003053
:108810007B4D03940126002B72D0544603E014F8DC
:10882000013F002B76D0252BF9D1B4EB0A0B74D184
:108830002278002A64D000234FF0FF32CDE90523CF
:10884000049307938DF853301A93013404E0049A8B
:1088500006FA03F313430493A246052214F8011BFE
:10886000284600F0C5FA431B0028F0D1049BD80627
:1088700044BF20228DF8532019079AF8001044BFF6
:108880002B228DF853202A2954D1039A11680432DF
:10889000002903927CDB07919AF801100AF1010A82
:1088A0002E2959D0574C0322204600F0A1FA40B19E
:1088B000049B001B402404FA00F0034304930AF1D4
:1088C000010A1AF8011B50488DF82810062200F002
:1088D0008FFA002862D04D4B002B52D003AA009291
:1088E0004B4B424604A94846AFF3008007467A1C2A
:1088F00006D0099B3B4409939AF80030002B8CD199
:10890000B8F80C305B0654BF09984FF0FF301DB02B
:10891000BDE8F08FB4EB0A0BF2D05B4652464146FD
:108920004846FFF77FFE0130EAD0099B22785B447E
:1089300009937EE7A1F13002092AB1D8079B1AF802
:10894000011F03EB830302EB4303A1F13002092A69
:10895000F5D92E290793A5D19AF801102A2927D1F4
:10896000039B9AF802101A6805920433002A0AF150
:1089700002000393B8BF4FF0FF338246B8BF0593A0
:1089800090E7039B073323F0070308330393B0E713
:10899000494243F00203079104937DE703AA009242
:1089A0001B4B424604A9484600F0CAF807469EE71A
:1089B000A1F130020023092A05930AF1010A3FF6CA
:1089C00071AF1AF8011F03EB830302EB4303A1F11C
:1089D0003002092AF5D9059364E7402100F0CCFB69
:1089E000C8F80000C8F8100018B14023C8F81430C7
:1089F00004E70C23C9F800304FF0FF3087E700BFD1
:108A0000BCA00000C4A00000C8A00000000000003E
:108A1000258600002DE9F04791461E460A698B68BD
:108A2000DDF820809A42B8BF1A46C9F8002091F8B4
:108A300043300C46054613B10132C9F800202268C4
:108A400091065DD5D9F800300233C9F800302268AC
:108A500012F0060F11461ED1E168CB1A002BD8BFC9
:108A6000114618DD04F1190A002706E0D9F8003094
:108A7000E268A2EB030CBC450CDD012352463146F3
:108A80002846C047013007F10107EFD14FF0FF3012
:108A9000BDE8F087216894F84330003B18BF0123FC
:108AA0008A060AD5E1185A1C302081F84300224476
:108AB00094F8451082F84310023304F14302314622
:108AC0002846C0470130E1D0236803F00603042B99
:108AD0001DD0A3682269934225DD00279B1A1F44FD
:108AE00004F11A09002401E0BC421CDA01234A46C1
:108AF00031462846C047013004F10104F4D1C5E7EE
:108B000012F0060F12D0003B18BF0123D5E7D9F8A9
:108B10000030E1682269C91AA368934221EAE1772B
:108B2000DCDC0029DCDC0020BDE8F087E168D9F856
:108B30000030CB1A002BD8BF114693DCABE700BF47
:108B40002DE9F043174685B00A7E0C9D0C4606467B
:108B5000984601F1430C002A33D0A2F15803D9B250
:108B6000202967D8202B65D8DFE813F0DE006400E9
:108B700064006400640064006400640064006400D5
:108B80006400A3006E0064006400640064006E0072
:108B9000640064006400640021007F00C000640081
:108BA0006400AE0064007F0064006400E500236898
:108BB0001A0640F104812B686269191D29601B683F
:108BC0001A600023E1462361CDF800803B4603AAEA
:108BD00021463046FFF71EFF013020D023694A4668
:108BE00039463046C047013019D02368E068039900
:108BF0009B0719D5431A002B16DD04F1190900252E
:108C000004E0E0680399431AAB420DDD01234A46B4
:108C100039463046C047013005F10105F1D14FF02A
:108C2000FF3005B0BDE8F0838842B8BF084605B004
:108C3000BDE8F083012384F84220236104F1420956
:108C4000002384F84330BFE72368190602D45A068C
:108C500000F1C18029680A68043129601146002AA0
:108C60006BDBDFF884E10A2510E02368180640F189
:108C70009C802B68191D29601968DFF86CE16F2A48
:108C80000CBF08250A25002384F843306268A260DF
:108C9000002A7FDB236823F00403236000295BD1D3
:108CA000002A79D1E146082D65D0ACEB0903236198
:108CB0008AE72B680122196804332B6004F142090A
:108CC00084F842102261BBE72B686268191D296095
:108CD000D3F800900021484600F08AF8002800F000
:108CE0008180A0EB090060602061A9E7236843F060
:108CF000200323607822DFF8F4E084F845202A6816
:108D0000111D2960190643D45D0641D51188D80785
:108D100044BF43F020032360002944D1236823F09B
:108D2000200323601025AEE7582384F84530DFF890
:108D3000B8E02368E3E72368DCE76268A2602D20DF
:108D4000002AC1F1000184F8430002DB23F0040390
:108D50002360DFF894E00A25E146B1FBF5F305FB5B
:108D600013100A46AA421EF8001009F8011D194600
:108D7000F3D2082D99D12368D90796D56268236963
:108D80009A4292DC302309F8013C09F1FF398CE763
:108D90001168BCE70029DFD19EF8003084F842302A
:108DA00004F142097FE710256DE713F0400F2B68AF
:108DB00003F1040129600CBF196819885DE713F0FD
:108DC000400F2B68626903F1040129601B6814BF1E
:108DD0001A801A60F5E62A68B2F9001004322A6097
:108DE0000A463CE760687FE7D0A00000E4A00000EE
:108DF00001F0FF01102A2BDB10F0070F08D010F84C
:108E0000013B013A8B422DD010F0070F42B3F6D14F
:108E1000F0B441EA012141EA014122F007047FF068
:108E200000070023F0E80256083C85EA010586EABF
:108E3000010685FA47F5A3FA87F586FA47F6A5FAFB
:108E400087F68EB9EED1F0BC01F0FF0102F0070207
:108E500032B110F8013B013A83EA010313B1F8D1B2
:108E60000020704701387047002D06BF3546033893
:108E7000073815F0010F07D1013015F4807F02BFCC
:108E8000013015F4C03F0130F0BC0138704700BF1D
:108E9000844641EA000313F003036DD1403A41D305
:108EA00051F8043B40F8043B51F8043B40F8043BC4
:108EB00051F8043B40F8043B51F8043B40F8043BB4
:108EC00051F8043B40F8043B51F8043B40F8043BA4
:108ED00051F8043B40F8043B51F8043B40F8043B94
:108EE00051F8043B40F8043B51F8043B40F8043B84
:108EF00051F8043B40F8043B51F8043B40F8043B74
:108F000051F8043B40F8043B51F8043B40F8043B63
:108F100051F8043B40F8043B51F8043B40F8043B53
:108F2000403ABDD2303211D351F8043B40F8043BF3
:108F300051F8043B40F8043B51F8043B40F8043B33
:108F400051F8043B40F8043B103AEDD20C3205D303
:108F500051F8043B40F8043B043AF9D2043208D0FB
:108F6000D2071CBF11F8013B00F8013B01D30B886D
:108F700003806046704700BF082A13D38B078DD04B
:108F800010F003038AD0C3F10403D21ADB071CBF1D
:108F900011F8013B00F8013B80D331F8023B20F887
:108FA000023B7BE7043AD9D3013A11F8013B00F8C0
:108FB000013BF9D20B7803704B7843708B78837048
:108FC0006046704788420DD98B1883420AD900EB5E
:108FD000020CBAB1624613F801CD02F801CD9942F4
:108FE000F9D170470F2A0ED8034602F1FF3C4AB16F
:108FF0000CF1010C013B8C4411F8012B03F8012FFB
:109000006145F9D1704740EA01039B0750D1A2F1B5
:10901000100370B501F1200C23F00F0501F1100EC3
:1090200000F11004AC441B095EF8105C44F8105CBD
:109030005EF80C5C44F80C5C5EF8085C44F8085C74
:109040005EF8045C44F8045C0EF1100EE64504F191
:109050001004E9D1013312F00C0F01EB031102F0FF
:109060000F0400EB031327D0043C24F003064FEA5F
:10907000940C1E441C1F8E465EF8045B44F8045F8B
:10908000B442F9D10CF1010402F0030203EB8403B2
:1090900001EB840102F1FF3C4AB10CF1010C013BF0
:1090A0008C4411F8012B03F8012F6145F9D170BDF3
:1090B00002F1FF3C03469BE72246EBE7002951D033
:1090C00038B551F8043C0C1F002BB8BFE418054616
:1090D00000F0E6F8274A13682BB1A3420CD92168A7
:1090E000601883422CD0636028461460BDE8384085
:1090F00000F0D8B8A3420FD81A465B68002BF9D10C
:1091000011685018844217D02DD3636054602846EC
:10911000BDE8384000F0C6B811685018A04215D01C
:1091200021D8216860188342EFD118685B68014438
:10913000C4E900135460EAE7236819441160E6E7C4
:1091400018685B680144C4E90013CDE72068014456
:10915000501883421160DAD1D3E900030144C2E917
:109160000013D4E770470C232B602846BDE8384035
:1091700000F098B8641D0020F8B5CD1C25F003055B
:1091800008350C2D38BF0C25002D064623DBA942DF
:1091900021D8254F00F084F83A6822B3144603E042
:1091A00063682246FBB11C4623685B1BF8D40B2B7B
:1091B00015D8636894420CBF3B605360304600F0A2
:1091C00071F804F10B00231D20F00700C21A01D032
:1091D0001B1AA350F8BD0C2333600020F8BD236098
:1091E0001C442560EAE77968C9B12946304600F099
:1091F00045F8431C0CD0C41C24F00304A04205D045
:10920000211A304600F03AF8013001D02560D5E748
:109210000C233046336000F045F80020F8BD30469E
:1092200000F02CF87860E0E7641D0020F8B51446E3
:10923000F9B1CAB106460D4600F036F8A04202D395
:109240002F463846F8BD21463046FFF795FF0746C2
:109250000028F6D022462946FFF71AFE3046294656
:10926000FFF72CFF3846F8BD2746FFF727FF3846A3
:10927000F8BDBDE8F8401146FFF77EBF38B5074D91
:109280000022044608462A6000F018F8431C00D06B
:1092900038BD2B68002BFBD0236038BD6C1D00202F
:1092A000704700BF704700BF51F8040C0028A0F1C0
:1092B0000400BCBF0B58C018704700BF044A0549E2
:1092C0001368002B08BF0B461844106018467047FF
:1092D000701D0020781D0020FEE700BF70B54FF024
:1092E000FF0C4CF4E06C1CEA11541DBF1CEA135532
:1092F00094EA0C0F95EA0C0F00F0DEF82C4481EA9A
:10930000030621EA4C5123EA4C5350EA013518BFB9
:1093100052EA033541F4801143F4801338D0A0FBA6
:1093200002CE4FF00005E1FB02E506F00042E0FB53
:1093300003E54FF00006E1FB03569CF0000F18BF59
:109340004EF0010EA4F1FF04B6F5007F64F5407401
:1093500004D25FEA4E0E6D4146EB060642EAC62194
:1093600041EA55514FEAC52040EA5E504FEACE2E01
:10937000B4F1FD0C88BFBCF5E06F1ED8BEF1004F04
:1093800008BF5FEA500E50F1000041EB045170BD80
:1093900006F0004646EA010140EA020081EA0301C4
:1093A000B4EB5C04C2BFD4EB0C0541EA045170BDC0
:1093B00041F480114FF0000E013C00F3AB8014F13A
:1093C000360FDEBF002001F0004170BDC4F1000483
:1093D000203C35DA0C341BDC04F11404C4F1200504
:1093E00000FA05F320FA04F001FA05F240EA02005F
:1093F00001F0004221F0004110EBD37021FA04F695
:1094000042EB06015EEA430E08BF20EAD37070BD4E
:10941000C4F10C04C4F1200500FA04F320FA05F0AD
:1094200001FA04F240EA020001F0004110EBD370AF
:1094300041F100015EEA430E08BF20EAD37070BD1F
:10944000C4F1200500FA05F24EEA020E20FA04F3F8
:1094500001FA05F243EA020321FA04F001F00041A7
:1094600021FA04F220EA020000EBD3705EEA430E18
:1094700008BF20EAD37070BD94F0000F0FD101F047
:109480000046400041EB010111F4801F08BF013C80
:10949000F7D041EA060195F0000F18BF704703F0BE
:1094A0000046520043EB030313F4801F08BF013D45
:1094B000F7D043EA0603704794EA0C0F0CEA135501
:1094C00018BF95EA0C0F0CD050EA410618BF52EABB
:1094D0004306D1D181EA030101F000414FF00000C1
:1094E00070BD50EA410606BF1046194652EA4306CF
:1094F00019D094EA0C0F02D150EA013613D195EA43
:109500000C0F05D152EA03361CBF104619460AD18A
:1095100081EA030101F0004141F0FE4141F4700194
:109520004FF0000070BD41F0FE4141F4780170BD84
:1095300081F0004102E000BF83F0004330B54FEA04
:1095400041044FEA430594EA050F08BF90EA020F71
:109550001FBF54EA000C55EA020C7FEA645C7FEA04
:10956000655C00F0E2804FEA5454D4EB5555B8BF27
:109570006D420CDD2C4480EA020281EA030382EA98
:10958000000083EA010180EA020281EA0303362D2A
:1095900088BF30BD11F0004F4FEA01314FF4801CFD
:1095A0004CEA113102D0404261EB410113F0004F0F
:1095B0004FEA03334CEA133302D0524263EB4303C6
:1095C00094EA050F00F0A780A4F10104D5F1200E64
:1095D0000DDB02FA0EFC22FA05F2801841F10001BF
:1095E00003FA0EF2801843FA05F359410EE0A5F193
:1095F00020050EF1200E012A03FA0EFC28BF4CF0C4
:10960000020C43FA05F3C01851EBE37101F0004579
:1096100007D54FF0000EDCF1000C7EEB00006EEB86
:109620000101B1F5801F1BD3B1F5001F0CD3490810
:109630005FEA30004FEA3C0C04F101044FEA445267
:1096400012F5800F80F09A80BCF1004F08BF5FEAEE
:10965000500C50F1000041EB045141EA050130BDCE
:109660005FEA4C0C404141EB0101013C28BFB1F5E0
:10967000801FE9D291F0000F04BF01460020B1FA2B
:1096800081F308BF2033A3F10B03B3F120020CDAFE
:109690000C3208DD02F1140CC2F10C0201FA0CF0DC
:1096A00021FA02F10CE002F11402D8BFC2F1200C41
:1096B00001FA02F120FA0CFCDCBF41EA0C019040F7
:1096C000E41AA2BF01EB0451294330BD6FEA040440
:1096D0001F3C1CDA0C340EDC04F11404C4F120022B
:1096E00020FA04F001FA02F340EA030021FA04F33D
:1096F00045EA030130BDC4F10C04C4F1200220FA94
:1097000002F001FA04F340EA0300294630BD21FAD1
:1097100004F0294630BD94F0000F83F4801306BF97
:1097200081F480110134013D4EE77FEA645C18BF8B
:109730007FEA655C29D094EA050F08BF90EA020F22
:1097400005D054EA000C04BF1946104630BD91EA1A
:10975000030F1EBF0021002030BD5FEA545C05D11D
:109760004000494128BF41F0004130BD14F580045C
:109770003CBF01F5801130BD01F0004545F0FE41D0
:1097800041F470014FF0000030BD7FEA645C1ABF05
:10979000194610467FEA655C1CBF0B46024650EA3C
:1097A000013406BF52EA033591EA030F41F4002168
:1097B00030BD00BF90F0000F04BF0021704730B5EE
:1097C0004FF4806404F132044FF000054FF00001C3
:1097D00050E700BF90F0000F04BF0021704730B584
:1097E0004FF4806404F1320410F0004548BF404259
:1097F0004FF000013EE700BF42004FEAE2014FEAAE
:1098000031014FEA02701FBF12F07F4393F07F4F88
:1098100081F06051704732F07F4208BF704793F08B
:109820007F4F04BF41F40021704730B54FF460749E
:1098300001F0004521F000411CE700BF50EA0102A1
:1098400008BF704730B54FF000050AE050EA01024A
:1098500008BF704730B511F0004502D5404261EBBA
:1098600041014FF4806404F132045FEA915C3FF4FB
:10987000D8AE4FF003025FEADC0C18BF03325FEA98
:10988000DC0C18BF033202EBDC02C2F1200300FA49
:1098900003FC20FA02F001FA03FE40EA0E0021FA6E
:1098A00002F11444BDE600BF4FF0FF3C06E000BFEC
:1098B0004FF0010C02E000BF4FF0010C4DF804CD59
:1098C0004FEA410C7FEA6C5C4FEA430C18BF7FEA19
:1098D0006C5C1BD001B050EA410C0CBF52EA430C47
:1098E00091EA030F02BF90EA020F0020704710F1C7
:1098F000000F91EA030F58BF994208BF90422CBF56
:10990000D8176FEAE37040F0010070474FEA410C4E
:109910007FEA6C5C02D150EA013C07D14FEA430C6C
:109920007FEA6C5CD6D152EA033CD3D05DF8040BDD
:10993000704700BF8446104662468C46194663460F
:1099400000E000BF01B5FFF7B7FF002848BF10F1E6
:10995000000F01BD4DF808EDFFF7F4FF0CBF01202B
:1099600000205DF808FB00BF4DF808EDFFF7EAFFA7
:1099700034BF012000205DF808FB00BF4DF808ED62
:10998000FFF7E0FF94BF012000205DF808FB00BF57
:109990004DF808EDFFF7CEFF94BF012000205DF8E1
:1099A00008FB00BF4DF808EDFFF7C4FF34BF0120EE
:1099B00000205DF808FB00BF4FEA410212F50012DB
:1099C00015D211D56FF47873B3EB625212D94FEA06
:1099D000C12343F0004343EA505311F0004F23FAF0
:1099E00002F018BF404270474FF00000704750EA45
:1099F000013005D111F0004008BF6FF00040704702
:109A00004FF00000704700BF4FEA4102B2F1E0435F
:109A100024BFB3F5001CDCF1FE5C0DD901F0004C55
:109A20004FEAC0024CEA5070B2F1004F40EB8300A5
:109A300008BF20F00100704711F0804F21D113F1D1
:109A40003872BCBF01F00040704741F480114FEA0A
:109A50005252C2F11802C2F1200C10FA0CF320FA93
:109A600002F018BF40F001004FEAC1234FEAD323B0
:109A700003FA0CFC40EA0C0023FA02F34FEA43031A
:109A8000CCE77FEA625307D150EA01331EBF4FF0A3
:109A9000FE4040F44000704701F0004040F0FE40BE
:109AA00040F40000704700BF80F0004002E000BFBB
:109AB00081F0004142001FBF5FEA410392EA030FB9
:109AC0007FEA226C7FEA236C6AD04FEA1262D2EB03
:109AD0001363C1BFD218414048404140B8BF5B4208
:109AE000192B88BF704710F0004F40F4000020F0A1
:109AF0007F4018BF404211F0004F41F4000121F0B7
:109B00007F4118BF494292EA030F3FD0A2F1010200
:109B100041FA03FC10EB0C00C3F1200301FA03F13E
:109B200000F0004302D5494260EB4000B0F5000F61
:109B300013D3B0F1807F06D340084FEA310102F120
:109B40000102FE2A51D2B1F1004F40EBC25008BFD2
:109B500020F0010040EA03007047490040EB00009C
:109B6000013A28BFB0F5000FEDD2B0FA80FCACF19D
:109B7000080CB2EB0C0200FA0CF0AABF00EBC250CA
:109B800052421843BCBFD0401843704792F0000FB8
:109B900081F4000106BF80F400000132013BB5E70B
:109BA0004FEA41037FEA226C18BF7FEA236C21D081
:109BB00092EA030F04D092F0000F08BF08467047E6
:109BC00090EA010F1CBF0020704712F07F4F04D1B4
:109BD000400028BF40F00040704712F100723CBFC7
:109BE00000F50000704700F0004343F0FE4040F4F1
:109BF000000070477FEA226216BF08467FEA2363AF
:109C00000146420206BF5FEA412390EA010F40F499
:109C1000800070474FF0000304E000BF10F00043E5
:109C200048BF40425FEA000C08BF704743F09643CC
:109C300001464FF000001CE050EA010208BF7047E7
:109C40004FF000030AE000BF50EA010208BF70476E
:109C500011F0004302D5404261EB41015FEA010C83
:109C600002BF84460146002043F0B64308BFA3F17B
:109C70008053A3F50003BCFA8CF2083AA3EBC2535D
:109C800010DB01FA02FC634400FA02FCC2F120027C
:109C9000BCF1004F20FA02F243EB020008BF20F0B3
:109CA0000100704702F1200201FA02FCC2F1200219
:109CB00050EA4C0021FA02F243EB020008BF20EA0E
:109CC000DC7070474FF0FF0C1CEAD0521EBF1CEA3C
:109CD000D15392EA0C0F93EA0C0F6FD01A4480EA2A
:109CE000010C400218BF5FEA41211ED04FF0006313
:109CF00043EA501043EA5111A0FB01310CF000403F
:109D0000B1F5000F3EBF490041EAD3715B0040EA64
:109D1000010062F17F02FD2A1DD8B3F1004F40EB34
:109D2000C25008BF20F00100704790F0000F0CF007
:109D3000004C08BF49024CEA502040EA51207F3ACB
:109D4000C2BFD2F1FF0340EAC250704740F40000A6
:109D50004FF00003013A5DDC12F1190FDCBF00F097
:109D600000407047C2F10002410021FA02F1C2F145
:109D7000200200FA02FC5FEA310040F1000053EAE1
:109D80004C0308BF20EADC70704792F0000F00F02F
:109D9000004C02BF400010F4000F013AF9D040EA35
:109DA0000C0093F0000F01F0004C02BF490011F4C9
:109DB000000F013BF9D041EA0C018FE70CEAD153C7
:109DC00092EA0C0F18BF93EA0C0F0AD030F0004C47
:109DD00018BF31F0004CD8D180EA010000F00040FB
:109DE000704790F0000F17BF90F0004F084691F0B9
:109DF000000F91F0004F14D092EA0C0F01D14202F3
:109E00000FD193EA0C0F03D14B0218BF084608D1BB
:109E100080EA010000F0004040F0FE4040F4000005
:109E2000704740F0FE4040F4400070474FF0FF0C98
:109E30001CEAD0521EBF1CEAD15392EA0C0F93EADF
:109E40000C0F69D0A2EB030280EA010C49024FEA31
:109E5000402037D04FF0805343EA111143EA1013EA
:109E60000CF000408B4238BF5B0042F17D024FF4A2
:109E7000000C8B4224BF5B1A40EA0C00B3EB510F7D
:109E800024BFA3EB510340EA5C00B3EB910F24BF66
:109E9000A3EB910340EA9C00B3EBD10F24BFA3EBEB
:109EA000D10340EADC001B0118BF5FEA1C1CE0D1B3
:109EB000FD2A3FF650AF8B4240EBC25008BF20F066
:109EC000010070470CF0004C4CEA50207F32C2BFBA
:109ED000D2F1FF0340EAC250704740F400004FF057
:109EE0000003013A37E792F0000F00F0004C02BF88
:109EF000400010F4000F013AF9D040EA0C0093F052
:109F0000000F01F0004C02BF490011F4000F013BAB
:109F1000F9D041EA0C0195E70CEAD15392EA0C0F13
:109F200008D142027FF47DAF93EA0C0F7FF470AF4B
:109F3000084676E793EA0C0F04D14B023FF44CAF8E
:109F400008466EE730F0004C18BF31F0004CCAD123
:109F500030F000427FF45CAF31F000437FF43CAF5F
:109F60005FE700BF4FF0FF3C06E000BF4FF0010C81
:109F700002E000BF4FF0010C4DF804CD4FEA400263
:109F80004FEA41037FEA226C18BF7FEA236C11D0AD
:109F900001B052EA530C18BF90EA010F58BFB2EB60
:109FA000030088BFC81738BF6FEAE17018BF40F0E0
:109FB000010070477FEA226C02D15FEA402C05D194
:109FC0007FEA236CE4D15FEA412CE1D05DF8040B19
:109FD000704700BF844608466146FFE70FB5FFF7AC
:109FE000C9FF002848BF10F1000F0FBD4DF808ED64
:109FF000FFF7F4FF0CBF012000205DF808FB00BF55
:10A000004DF808EDFFF7EAFF34BF012000205DF8AE
:10A0100008FB00BF4DF808EDFFF7E0FF94BF0120FB
:10A0200000205DF808FB00BF4DF808EDFFF7D2FFF8
:10A0300094BF012000205DF808FB00BF4DF808ED3B
:10A04000FFF7C8FF34BF012000205DF808FB00BF08
:10A050004FEA4002B2F1FE4F0FD34FF09E03B3EB35
:10A0600012620DD94FEA002343F0004310F0004F75
:10A0700023FA02F018BF404270474FF000007047CB
:10A0800012F1610F01D1420205D110F0004008BF6A
:10A090006FF0004070474FF000007047F8B500BF08
:10A0A000F8BC08BC9E467047F8B500BFF8BC08BCB9
:10A0B0009E4670474D6E6E006C000020232D302BA5
:10A0C00020000000686C4C0065666745464700004C
:10A0D00030313233343536373839414243444546DE
:10A0E00000000000303132333435363738396162A0
:0CA0F000636465660000000000000000D2
:08A0FC008C61FF7F01000000F0
:10A104008000000025000000800C000000C05A45BB
:10A114000A000000130400006321903EDDF4AC3E0D
:10A124000000000000020000FF0300000000000027
:10A13400FF0000000400000030750000E803000088
:10A14400B80B000044332211002003002500000056
:10A15400FFFFFFFF01000000041300204E61BC005C
:10A16400250000000090D0036C00002000000000D7
:10A1740000000000000000000000000000000000DB
:10A1840000000000000000000000000000000000CB
:10A1940000000000000000000000000000000000BB
:10A1A40000000000000000000000000000000000AB
:10A1B400000000000000000000000000000000009B
:10A1C4000000000000000000000000006902000020
:04A1D4004102000044
:040000030000816513
:00000001FF
