:10000000000001205D8100008581000087810000E3
:10001000898100008B8100008D81000000000000BC
:100020000000000000000000000000008F810000C0
:100030009181000000000000938100009581000084
:1000400097810000CD3A000097810000751C0000E8
:100050009781000000000000978100005518000003
:100060009781000097810000893F00009781000080
:100070009781000097810000978100009781000020
:1000800097810000390E00009781000097810000E1
:100090009781000097810000978100009781000000
:1000A0009781000097810000000000000000000020
:1000B00065160000978100000000000000000000AD
:1000C0000000000000000000000000000000000030
:1000D0000000000000000000000000000000000020
:1000E0000000000000000000000000000000000010
:1000F0000000000000000000000000000000000000
:1001000000000000000000000000000000000000EF
:1001100000000000000000000000000000000000DF
:1001200000000000000000000000000000000000CF
:1001300000000000000000000000000000000000BF
:1001400000000000000000000000000000000000AF
:10015000000000000000000000000000000000009F
:10016000000000000000000000000000000000008F
:10017000000000000000000000000000000000007F
:10018000000000000000000000000000000000006F
:10019000000000000000000000000000000000005F
:1001A000000000000000000000000000000000004F
:1001B000000000000000000000000000000000003F
:1001C000000000000000000000000000000000002F
:1001D000000000000000000000000000000000001F
:1001E000000000000000000000000000000000000F
:1001F00000000000000000000000000000000000FF
:100200000348044B834202D0034B03B118477047A5
:10021000D4000020D400002000000000054806495A
:100220000B1AD90F01EBA301491002D0034B03B104
:1002300018477047D4000020D400002000000000C0
:1002400010B5064C237843B9FFF7DAFF044B13B11E
:100250000448AFF300800123237010BDD4000020B8
:1002600000000000FCA0000008B5044B1BB10449CD
:100270000448AFF30080BDE80840CFE7000000006D
:10028000D8000020FCA00000A3F5803A704700BF12
:10029000154B002B08BF114B9D46FFF7F5FF0021C2
:1002A0008B460F461148124A121A08F073F80C4B8D
:1002B000002B00D098470B4B002B00D09847002014
:1002C000002104000D000B4808F010F808F03EF87B
:1002D0002000290000F0EAFF08F00EF800000800F6
:1002E000000000000000000000000120D4000020F9
:1002F000741D0020218300002DE9F04FB7B0B44BEE
:10030000049305AB029336E12C60B24BDFF8C88250
:100310001968D8F8000009F0CDFB054609F06CFA21
:10032000A5A3D3E9002306460F4609F03BFB0028AE
:1003300040F08D81C8F80050204602F04FFAA74BDC
:10034000A54C0546186802F0BBFA0646206802F084
:1003500045FA0746206802F0B3FAA14B05901868E9
:1003600009F04AFA96A3D3E9002308F0B7FF09F091
:100370004BFB049A32F9021F04460846CDE90312EA
:1003800009F028FA974A80461068894609F034FA3D
:100390008BA3D3E9002308F0A1FF09F035FB09F096
:1003A0002BFA824628468B4609F026FA86A3D3E923
:1003B000002308F093FF42464B4608F08FFF0B46A0
:1003C00002465946504609F0B9F809F01DFB854A26
:1003D00005461560304609F00FFA7BA3D3E90023E8
:1003E00008F07CFF42464B4608F078FF82462046E4
:1003F0008B4609F001FA02460B465046594609F071
:100400009DF809F001FB764B1860774B044618689D
:1004100009F0F2F96AA3D3E9002308F05FFF09F0BD
:10042000F3FA724A8346106809F0E6F964A3D3E947
:10043000002308F053FF09F0E7FA09F0DDF902465E
:10044000384616460F4609F0D7F95FA3D3E90023D3
:1004500008F044FF42464B4608F040FF0B46024678
:100460003946304609F06AF809F0CEFA5F4A82460A
:10047000C2F800A0059809F0BFF953A3D3E90023FF
:1004800008F02CFF42464B4608F028FF0646584627
:100490000F4609F0B1F902460B463046394609F0DD
:1004A0004DF809F0B1FA504B064618602946284627
:1004B00009F008FC21460546204609F003FC0146E8
:1004C000284609F0F7FA51460446504609F0FAFB6F
:1004D00031460546304609F0F5FB0146284609F04D
:1004E000E9FA0146204609F0A9FD002800F08E80B7
:1004F0003F4B039A1E783F4B3F4943F826203F4B22
:10050000186809F0DFFB09F077F92FA3D3E900237E
:1005100004460D464046494608F0E0FE0B460246BA
:100520002946204609F00AF809F06EFAA6F10B03F5
:10053000324A1060324A14782E4A002BB8BF1B1979
:1005400052F82300039B034418462E4B43F8260021
:1005500009F064FB029B013643F8040FF6B2A64291
:100560000293234B24BF00221A70029A38BF1E70D8
:100570000DAB934277D0244B184D1968286809F0C9
:1005800099FA044609F038F90BA3D3E9002306468B
:100590000F4609F007FA00283FF4B6AE06A3D3E9E8
:1005A00000233046394608F0C7FF09F02DFA0B4BFF
:1005B00004461860A9E600BF4AD8124DFB21194035
:1005C000AE47E17A14AEEF3F7B14AE47E17A843F49
:1005D000620400201C000020040700200007002007
:1005E000D8060020DC060020E0060020E4060020FB
:1005F000F000002084040020A4707D3F0003002050
:1006000000000020F400002018000020724B039A24
:100610001E78724B724943F82620724B186809F015
:1006200051FB09F0E9F862A3D3E9002304460D4623
:100630004046494608F052FE0B46024629462046EF
:1006400008F07CFF09F0E0F9A6F1090370E75AA36E
:10065000D3E900233046394608F06EFF09F0D4F99B
:10066000614B186068E626AA16A906A8DFF87C91F7
:100670000D46174601F0CAF94E460DF1680855F8C7
:10068000041B57F804AB084609F01CFB514604460E
:10069000504609F017FB0146204609F00BFA01F01D
:1006A0009BFFA84546F8040BE9D1514A514C1378F9
:1006B0000133137003F0DAFB2268821A0A2A034618
:1006C0006CD92360D9F80C10D9F808004A4F4B4E6A
:1006D00009F0F0F909F090F839A3D3E9002308F004
:1006E000FDFD044638680D4609F086F836A3D3E9C7
:1006F000002308F0F3FD09F087F909F07DF80246C0
:100700000B462046294608F019FF09F07DF9354BC4
:100710003B4905463D60186809F0CAF9316804464E
:1007200009F0C8F909F068F829A3D3E9002308F013
:10073000D5FD09F069F900213060204609F060FC20
:1007400080BB26462F49204609F0BCFA314609F005
:10075000B9FA2D4909F0AEF909F07AFC0128B8BFC1
:100760000120044640F2FE339C422846A8BF1C46A6
:1007700009F06EFC4100C82940F31E0215DDC8399E
:10078000FF29A8BFFF21FC23FF2A0093A8BFFF2257
:100790002346002000F0A8FF1C4B1C60012037B04E
:1007A000BDE8F08F04F10046CCE70021EBE700BF85
:1007B0007B14AE47E17A843F4AD8124DFB211940A1
:1007C0009A9999999999B93FCDCCCCCCCCCCEC3FA6
:1007D0002B8716D9CEF7EF3FF000002084040020CD
:1007E000A4707D3F000300200407002010030020B8
:1007F000FD020020EC060020CC060020D0060020E0
:100800000000FA45ACC5A73600002F445003002075
:1008100070B56B4A6B4C13780133DBB2802B88BF09
:100820000023137000254FF0805223706570536EC3
:10083000654A190E180C5BBAA38086B05823E07085
:10084000A1701570E38001F0CBF8B0F5FA6F80F27B
:10085000A7805E4B2A461D7022725D4B5D491B7856
:100860000978E1720022A2725B4A5C4D11785C4A01
:10087000083B48BF5B186420607232F823000133E4
:100880008B42A8BF002340BAA08132F82300013375
:100890008B42A8BF002340BAE08132F82300013325
:1008A0009942D8BF002340BA208232F82300013396
:1008B0009942D8BF002340BA608232F82300013346
:1008C0009942D8BF002340BAA08232F823000133F6
:1008D0009942D8BF002340BAE08232F823000133A6
:1008E0009942D8BF002332F8233042BA5BBA286855
:1008F0002283638309F0ACFB43BA6868A38309F0E1
:10090000A7FB43BAA868E38309F0A2FB43BAE868EF
:10091000238409F09DFB40BA0DF10A0302AA0DF1F0
:100920000601608401A801F0DBFD04AA0DF10E01AF
:1009300003A801F00BFE0DF1160205A90DF112003E
:1009400001F012FEBDF80630BDF80420BDF8080025
:10095000BDF80A105BBAE384BDF80C3052BA5BBA3A
:10096000A284A385BDF80E20BDF8103049BA52BA52
:100970005BBA40BA23866185E285208501F002FEDC
:10098000054601F00DFE064601F018FE76BA40BAA3
:100990006DBA38236686A086E586637006B070BDA2
:1009A00041F294139842094B02DDFF221A7053E77B
:1009B000A0F5FA620A21B2FBF1F2D2B21A704BE74B
:1009C000E806002054030020E9060020040300206C
:1009D000F0000020FD020020000000201003002095
:1009E000F400002070B59D4B9D4C1A7822700025B4
:1009F0004FF0805365705B6E82B0190E1A0C5BBAB3
:100A0000A170E270A38000F0EBFFB0F5FA6F80F206
:100A1000F080944A2B461570934DA371286809F015
:100A200017FB034640F307226868E271237209F05E
:100A30000FFB034640F30722A8686272A37209F015
:100A400007FB034640F30722E868E272237309F0CC
:100A5000FFFA40F307210DF1060301AA6173A073A9
:100A60000DF10201684601F03BFDBDF900307F4AFF
:100A700023749DF90730E3747D4B92F800C09DF913
:100A80000310617419789DF90120E273BCF1080C20
:100A900048BF8C449DF90520A2740CF10103754AEE
:100AA0008B42A8BF002332F82C5052F82C0052F889
:100AB00023606DBAA582351A15F1FF0F80F291807F
:100AC000FF254FF0400C01338B42A8BF0023A575D2
:100AD00052F82360351A15F1FF0F7CDAFF254CF030
:100AE000200C01339942D8BF0023E57552F82360EA
:100AF000351A15F1FF0F68DAFF254CF0100C0133A1
:100B00009942D8BF0023257652F82360351A15F193
:100B1000FF0F54DAFF254CF0080C01339942D8BF7F
:100B20000023657652F82360351A15F1FF0F40DA7D
:100B3000FF254CF0040C01339942D8BF0023A57661
:100B400052F82360351A15F1FF0F28DAFF254CF013
:100B5000020C01338B42A8BF0023E57652F8232014
:100B6000131A13F1FF0F20DBFF2B58DC002B6ADB7D
:100B7000D8B2414984F81DC0202300226370207739
:100B800001F11E0C134611F8010F0344DBB21A44A5
:100B90006145D2B2F7D1A377E27702B070BDFF2DE5
:100BA0003BDC002D4CDBEDB2D3E7FF204CF0010C19
:100BB000DFE7FF2D2FDC002D3FDBEDB2BBE7FF2D84
:100BC00027DC002D36DBEDB2A7E7FF2D1FDC002D63
:100BD0002DDBEDB293E7FF2D17DC002D24DBEDB20A
:100BE0007FE7FF2D0DDC002D1BDBEDB24FF0000C7D
:100BF00069E741F2941398421A4A27DDFF231370E4
:100C00000AE7FF254FF0000C5DE7FF2569E7FF25A8
:100C100075E7FF2581E7FF258DE7FF2599E7FF2091
:100C2000A7E7851BEDB24CE7851BEDB257E7851BA7
:100C3000EDB262E7851BEDB26DE7851BEDB278E79B
:100C4000851BEDB283E7801AC0B2AFE7A0F5FA6367
:100C50000A21B3FBF1F3DBB21370DDE6FD020020E5
:100C6000540300200403002010030020F0000020A3
:100C700000000020F400002053030020F0B5A5B0D0
:100C800003F0F4F86349644A0B681468C31AA3427A
:100C900002D2002025B0F0BD604C614B2478086082
:100CA00053F8243003F007034FF0805102331360F0
:100CB0004B6E8DF814301A0E180C190A8DF811208D
:100CC000D424D7228DF810408DF812008DF813101F
:100CD0008DF8152000F084FEB0F5FA6F80F28D805B
:100CE000504F00233B700124049BBDF81410069361
:100CF0000026234610AAADF81C100094062106A871
:100D00008DF8406004F054F84749054610A807F0F4
:100D1000AFFB082229460346009206A810AA04F059
:100D200047F83B78414D8DF84130414B07461B78E1
:100D300028688DF8403009F08BF98DF8430040F3B6
:100D400007208DF84200686809F082F98DF84500A7
:100D500040F307208DF84400A86809F079F90346AC
:100D60008DF84730E86843F307238DF8463009F0E3
:100D70006FF940F307238DF849008DF8483003AA36
:100D80000DF10E030DF10A0102A801F0A9FBBDF956
:100D900008008DF84B009DF909008DF84A009DF977
:100DA0000B008DF84C009DF90D008DF84D00FF23D0
:100DB0009DF90F00009310AA39460F238DF84E00BD
:100DC00006A803F0F5FF0546304603F0EBFF294681
:100DD000184D06AA0223CDE900641AA804F030F8E1
:100DE0002A681AA903F08CFF2B682344272BC8BF5D
:100DF000252320462B6025B0F0BD41F29413984284
:100E0000084FD7BFA0F5FA63FF230A22B3FBF2F322
:100E10003B7068E7F006002010000020F000002082
:100E2000F400002004030020B4A000001003002000
:100E3000FD02002004000020054BD3F8402132B110
:100E400000210122C3F840119A6040BF5A607047E8
:100E500000100140F0B583B002F0A2FA002002F0C9
:100E600003FE03F081F80F4B0F4F104E00220220BB
:100E7000C3F8FC2F03F0BCF804F028F803249625EF
:100E800000231846FF221946009500F02DFCC7F8F4
:100E900000664FF4967003F0ABF8013CF0D103B05C
:100EA000F0BD00BF00100040000001403546526E0A
:100EB000F0B585B002F074FA002002F0D5FD03F021
:100EC00053F8144B144F154E0022C3F8FC2F02F0B8
:100ED000D1FD02F0D5FD032496250023FF22104604
:100EE0001946009500F000FCC7F800664FF49670B4
:100EF00003F07EF8013CF0D12023CDE901430094BA
:100F0000234622464FF47A71532002F071FA05B05D
:100F1000F0BD00BF00100040000001403546526E99
:100F2000F0B583B002F03CFA002002F09DFD03F022
:100F30001BF8134B134F144E0022C3F8FC2F02F082
:100F400099FD02F09DFD03249625002318461A46BC
:100F5000FF21009500F0C8FBC7F800664FF49670BB
:100F600003F046F8013CF0D123464FF4FA624FF407
:100F70007A71152003B0BDE8F04003F04DB800BF12
:100F800000100040000001403546526E2DE9F0414E
:100F90004E4D2C78022C84B03AD024B1012C67D06D
:100FA00004B0BDE8F08101232B7002F0F9F920466E
:100FB00002F05AFD02F0D8FF454BDFF81881C3F864
:100FC000FC4F022003F014F803F080FF424F03248B
:100FD000962600231846FF221946009600F084FB4F
:100FE000C8F800764FF4967003F002F8013CF0D197
:100FF0003A4B28781A783A4960F3020201201A70B5
:10100000087002F033FF374B186004B0BDE8F08180
:1010100000242C7002F0C4F9204602F025FD02F0F5
:10102000A3FF2B4BDFF8AC80C3F8FC4F02F022FD8E
:1010300002F026FD284F032496260023FF221046A7
:101040001946009600F050FBC8F800764FF49670F1
:1010500002F0CEFF013CF0D12021CDE90141234631
:10106000224600944FF47A71532002F0C1F9BFE791
:1010700002232B7002F094F9002002F0F5FC02F03C
:1010800073FF134BDFF84C80134F0022C3F8FC2F83
:1010900002F0F0FC02F0F4FC03249626002318462C
:1010A0001A46FF21009600F01FFBC8F800764FF4A7
:1010B000967002F09DFF013CF0D123464FF4FA6296
:1010C0004FF47A71152002F0A7FF91E7F406002093
:1010D00000100040000001403546526E58040020C8
:1010E0005C040020600400202DE9F04184B002F08F
:1010F000BDFE624B4FF0A0451B78D5F810250121AD
:1011000001FA03F3134004460ED05D4B1A78002A0F
:101110005FD15C4A19701060DFF86C8198F800307C
:1011200003BB04B0BDE8F081554A10780028F3D025
:101130001370544A1268A21A192AEDD9B2F57A7FAF
:1011400080F0908051490A68A21AB2F5C87F504ACF
:1011500002D213780133DBB24B48137001230C60C9
:101160000370DEE7494B1868241AB4F5FA7FD8D922
:10117000474B1B78092B5CD90DF10F020DF10E01C5
:101180000DF10D0000F090FE424B9DF80D009DF812
:101190000E10414A587099709DF80F00D8700121C7
:1011A000117002F063FE3D4B3D4F3E4E186014241B
:1011B00096250023FF2108461A46009500F094FA70
:1011C000C7F800664FF4967002F012FF013CF0D1B0
:1011D00031E02C4D2B68C21A40F2CD311A3A8A42C6
:1011E00009D800211E230093FF224FF0FF33084649
:1011F00000F07AFA2B686FF47A72A218D21A40F6CD
:101200009E718A421DD9E31A41F28832934283D9F2
:101210001E23FF22DFF87080009300214FF0FF3380
:10122000104600F061FA98F80030002B3FF479AFD7
:1012300098E7FFF7ABFE002388F8003004B0BDE864
:10124000F08100221E23009311464FF0FF33FF2050
:1012500000F04AFA2B6841F28832E31A93427FF693
:101260005BAFD5E741F287339A423FF655AF0E4B5D
:101270001B789940C5F80C154EE700BF14000020FC
:101280000C03002008030020FC060020F8060020C4
:101290000D030020580400205C040020600400209E
:1012A000000001403546526E150000202DE9F04F38
:1012B000642087B002F09CFEB44BB5481B78B54C57
:1012C00001224FF0A04102FA03F34FF01025C1F8BC
:1012D00018354FF40046C1F808350023C0F80465FE
:1012E0000260C5F80C3220784FF0804400F5E070C1
:1012F00041F82030C4F800312260D4F80031002BCE
:10130000FBD0A34DA44E02F04DFD1A230622072167
:101310000820C5F8006600F0B1F91123C5F8006691
:101320000F2200930D2110230E2001F0A9F80123B4
:10133000C4F878350023FA241A461946FF20009491
:1013400000F0D2F94FF49670C5F8006602F050FE36
:1013500000231A461846FF21009400F0C5F94FF407
:101360009670C5F8006602F043FE00231846FF227F
:101370001946009400F0B8F94FF49670C5F800666D
:1013800002F036FEC5F8006601F080FF834A00F0E7
:101390000703012B106000F0D080002B40F0448147
:1013A0007E4A7F4E50783370FF2840F0CB80FFF7A5
:1013B0007FFD3378012B00F0D48000F00BFA794BDD
:1013C000794FDFF8E8B1DFF8E8A17A4DDFF8E8916E
:1013D000DFF8E881002201211960C3F80022C3F878
:1013E00004154FF080530492586E02F031FE0A2229
:1013F00033780592664A6849C2F80016022B00F05D
:10140000998002F033FD3B78044633B1DBF80030BD
:1014100042F21072C31A93422AD8FFF765FE00F019
:10142000B1FA002830D14946404600F0B1FA002810
:1014300032D13378022B76D0002B40F096802A7878
:101440002AB1049A0599A21A8A4200F2D380504B1D
:10145000514AC3F8002602F009FD3B780446002BF0
:10146000DBD0DBF8003042F21072C31A9342D4D9B9
:101470004A4B186801F028FF00233B70FFF734FE49
:1014800000F080FA0028CED000F0CAFF494640465E
:1014900000F07EFA0028CCD0FEF72EFF0028C8D03E
:1014A0009AF8003001338AF800302B781D2B9CBF4E
:1014B00001332B7000F094FA08F0ACFB404B414A2A
:1014C00003901060186808F0A9FB039B01461846BA
:1014D00008F096FD002856D03B4A13680133642B70
:1014E0001360A6DD02F0A0FC4FF080420023C2F89A
:1014F000183501239360D2F80431002BFBD001236F
:10150000324953600022C1F80025022002F070FD2C
:101510001E4B1A78012393404FF0A042C2F80C35BD
:101520003378022B88D12B78002B51D1184B1A4AD3
:10153000C3F8002602F088FF63E75078184EFF28B2
:10154000337007D0154BDA78997800F02DFD337899
:10155000022B71D03378002B3FF429AF012B7FF49D
:101560002CAFFFF777FC28E70494012B7FF442AF00
:101570002B78002B3FF46BAFFFF780FB08B1002303
:101580002B70337836E7104B186052E715000020B7
:1015900000000140140000203546526E580400201F
:1015A000F406002000D000405C040020600400200D
:1015B000FC020020080700208C06002064040020A4
:1015C000080000200C000020D4060020003000405D
:1015D000FFF71EF91D4B5978184602F03FFD33788E
:1015E00000222A70002BBFD1194B1A4AC3F80026DB
:1015F000049406E70393FFF7F5F9144B597818465E
:1016000002F0EAF8039B144A2B70D2F8001141B1A2
:10161000D2F80815C2F80031136801F00703063349
:10162000059333780494E5E6022B08D10B4A0C4E5F
:1016300050783370FF2885D1FFF772FC8AE7074B9B
:10164000074E5878FF2882D07CE700BF5403002063
:10165000000001403546526E00D000405804002082
:10166000F4060020044BD3F8042122B10022C3F871
:101670000025C3F80421704700C0014030B40024A5
:1016800060F3070461F30F24154D62F3174463F30D
:101690001F642C604FF0010C124CC0B2C9B2D2B220
:1016A000DBB20CFA00F00CFA01F10CFA02F20CFABF
:1016B00003F3C4E90001C4E902234FF0A04C40EA5F
:1016C000010515432561CCF81805CCF81815CCF8A0
:1016D0001825CCF81835CCF8085530BC704700BF39
:1016E000200700200C070020002870B467DB00FBF7
:1016F00000F0801140F2FF35324CA842A8BF2846C6
:101700002060002908DB01FB01F1891140F2FF3064
:101710008142A8BF01466160002A08DB02FB02F299
:10172000921140F2FF318A42A8BF0A46A260002B04
:10173000A8BFE360244BD3F8002512B10022C3F800
:1017400000252249204B0A78C3F860250398204AD7
:101750000501206810804878C3F8640560685080EF
:101760008878C3F86805C878A168C3F86C059180CB
:10177000E168D180002440F2FF310120C3F8000568
:101780004FF48066C3F80445118151819181D18164
:101790000221C3F80865C3F80C45C3F81015C3F857
:1017A0001445C3F820250822C3F82425C3F828557A
:1017B000C3F800139860C3F8000270BC7047014C76
:1017C0009FE700BF2000002000C00140200700204C
:1017D0002407002030B4194B194D1A480021012468
:1017E0000522C3F80045C3F81025C3F814152A686C
:1017F0001040154A02432A6003200725C3F8182524
:10180000C3F8F005C3F8F4551048C3F8F8150A25D5
:10181000C3F800530E4AC3F82C060820C3F830065C
:1018200080201060C3F800111C60D3F80021002A4A
:10183000FBD001225A6030BC704700BF00700040EE
:101840005C070020CCE8E8FE10000101340700200E
:1018500000E100E0434BD3F80C211AB1D3F8042186
:10186000002A63D03F4BD3F8042172B3F0B40022B6
:101870003D48C3F80421C3F80C21017801F0FF07AB
:1018800021B33A4C3A490270208A08803949052030
:10189000C3F810058D78012060F302058D7009688A
:1018A000C3F818150721C3F8F4150821C3F82C460E
:1018B000C3F83016C3F800211860D3F80021002ABD
:1018C000FBD001225A60F0BC704770472A4D2B4C68
:1018D000264A2B49D2F800C0C1F800C001262E705C
:1018E0002568D2F804C0C1F804C0354425602568D5
:1018F000D2F808C0C1F808C0B5F57A7FD2F80CC09C
:10190000C1F80CC017DC0821C3F82C26C3F8301628
:10191000144A00210123C2F800111360D2F80031EB
:10192000002BFBD001235360F0BC70470121C3F8AA
:101930000C21596096E7062127600670C3F8101540
:101940000C498878042464F3020088700968C3F89D
:1019500018151032C3F8F475C3F82C26C3F8306696
:10196000D6E700BF00700040610700203407002068
:10197000540700205C070020600700205807002063
:1019800064070020014B1878704700BF60070020F3
:1019900011490A7802F0FF037AB1104B9A1C904269
:1019A0000DD01A6802605A6842609A688260DB68EB
:1019B000C36000230B7008207047184670471A88D0
:1019C0005A809A80DA801A815A819A81DA811A8241
:1019D00000230B7008207047600700206407002078
:1019E00008B5084A13889BB24BB1108880B208F042
:1019F00015F9054908F066F908F02AFB08BD4FF40F
:101A0000616008BD5407002005C0283F2DE9F04F54
:101A1000D0F8108007688BB00D4606464146384620
:101A2000144608F047F8414603463846019308F04B
:101A30003FF8B768D6F8188083464146384608F024
:101A400039F8414602463846009208F031F8D6F897
:101A50000480D6F8149007464946404608F02AF814
:101A6000494684464046E24608F022F8D6F80C8003
:101A7000F66981463146404608F01CF831468446F6
:101A80004046664608F014F8009A019B08921146F9
:101A900080461846039308F00DF85146CDF800A093
:101AA000059008F007F83146019608F003F84FF06A
:101AB000000A28605146C4F800A0384608F002F930
:101AC0005946069007F0F6FF51460290404608F04E
:101AD000F9F84946079007F0EDFF474908F0F2F89A
:101AE0004646454904968046304608F0EBF84146A4
:101AF0000646029807F0DEFF314607F0D9FF394667
:101B00006860304607F0D6FF414607F0D3FF6060BB
:101B1000089A039B1146184607F0CAFF01990890DE
:101B2000009807F0C5FF5146039008F0CBF8089BDA
:101B300009900146184607F0BDFF039B0699A8606F
:101B4000A360584607F0B4FF07998346484607F05C
:101B5000AFFF2A49814608F0B5F8594607F0AAFFB9
:101B6000314607F0A7FF2449E860484608F0AAF884
:101B700039468146304607F09BFF494607F09AFFF9
:101B80000099E060059807F093FF019907F090FF36
:101B9000414628610298C4F810A007F089FF314639
:101BA00007F088FF31466861384607F081FF4146FB
:101BB00007F07EFF099A6061089B1146184607F0FE
:101BC00077FF039BA86103F10040A0614946584696
:101BD00007F070FF314607F06BFF0849E861049891
:101BE00008F070F8394607F063FF494607F060FFD8
:101BF000E0610BB0BDE8F08FF304353FF30435BF6F
:101C0000184B70B4C3F808050024C3F80C154FF046
:101C100000461549C3F81025C3F824651022C3F8FF
:101C20004045C3F834151149C3F83825C3F8504569
:101C3000C3F844154FF0FF31C3F848250C4DC3F8E5
:101C400000420722C3F808134021C3F80413C3F865
:101C50005445C3F80025082385F803432B6070BC66
:101C6000704700BF0030004090070020B4070020FC
:101C700000E100E010B50C4BD3F818313BB10B4B31
:101C80001A7822B10A4A0021126819709047094B4C
:101C90000549094A1C684FF0A0400023C0F80845D8
:101CA000C1F81831137010BD003000408C070020BF
:101CB000B00700208807002084070020F0B5104CF2
:101CC000237803F0FF05002BFAD10E4B0E4E0F4F79
:101CD000DFF83CE032604FF0A04CC3F834E5012659
:101CE000C3F84475CCF80C25022238707970C3F81B
:101CF0004825C3F85055C3F8386526701E61F0BDFD
:101D0000840700200030004088070020B40700202E
:101D10009007002030B5114A137803F0FF0C002B18
:101D2000FAD10F4B0F4C19604FF0A04E0E4B0F4DD8
:101D3000C3F83455C3F84445CEF80C152070012182
:101D4000022084F801C0C3F84815C3F838051170A3
:101D500019611378002BFCD1687830BD840700200E
:101D600088070020B40700200030004090070020C2
:101D70002DE9F041069E124D2C7804F0FF0C002C4A
:101D8000FAD14C1C0F49104FC1F834354FF0A04820
:101D90000E4BC1F844353E600D4FC8F80C65DFF8B6
:101DA00034E0187083F801C00123C1F84835C1F848
:101DB00038452B700B613B70CEF80020BDE8F081F8
:101DC000840700200030004088070020B40700206E
:101DD0008C070020B007002070B52F4D2F4CAB783A
:101DE000687800EB032000B207F018FF2A79EB783F
:101DF000A668606503EB022000B2E08607F00EFFE4
:101E0000314607F05FFFAB79A061687900EB0320F2
:101E100000B2208707F002FF314607F053FF2B7A0C
:101E2000E061E87900EB032000B2608707F0F6FE7E
:101E3000314607F047FFAA7A6B7A6668206203EBA7
:101E4000022000B2208607F0E9FE314607F03AFF93
:101E50002B7BE060E87A00EB032000B2608607F09D
:101E6000DDFE314607F02EFFAA7B0346687B236127
:101E700000EB022000B2A08607F0D0FE314607F04A
:101E800021FF236C0649606101332364054B002563
:101E900001220D701A7070BD5C080020E40700205C
:101EA000580800208108002070B53C4B0646186891
:101EB00014460D4608F0CCF80028B4BFC21C0246F8
:101EC0009210FF28134606DDB2F1400348BFA2F18D
:101ED0003D039B10403313F13F0F06DA13F140022C
:101EE00048BF03F143029310403B6FF07E029342E0
:101EF000B8BF13467F2BA8BF7F23294A7F33337097
:101F0000106808F0A5F800280246B8BFC21C92105D
:101F1000FF28134606DDB2F1400348BFA2F13D039E
:101F20009B10403313F13F0F06DA13F1400248BF14
:101F300003F143029310403B6FF07E029342B8BF1F
:101F400013467F2BA8BF7F23164A7F332B70106860
:101F500008F07EF800280246B8BFC21C9210FF2885
:101F6000134606DDB2F1400348BFA2F13D039B10CA
:101F7000403313F13F0F06DA13F1400248BF03F17B
:101F800043029310403B6FF07E029342B8BF13466A
:101F90007F2BA8BF7F237F33237070BD880800206C
:101FA0009008002098080020B0F17F032DE9F0414F
:101FB0000C4615464FD43F2B3FDC980007F02EFE11
:101FC000B4F17F03064640D43F2B28DC980007F08D
:101FD00025FEB5F17F03074629D43F2B1CDC9D006D
:101FE000204BDFF884809C683046214607F06AFE6B
:101FF000214603463846C8F8003007F063FE1B4E02
:1020000003463360284607F009FE214607F05AFED2
:10201000174D2860BDE8F081AF3D2D01E0E7AF3CF2
:10202000200107F0FBFDB5F17F030746D5D513F17D
:102030003F0FD4DA4F3D2D01D2E7AF38000107F052
:10204000EDFDB4F17F030646BED513F13F0FBDDAB7
:102050004F3C2001BBE713F13F0FAEDA4F380001D0
:10206000ACE700BFE4070020840800208C080020B3
:1020700094080020000000002DE9F04FB64FA3B0F7
:1020800001F0E6FE3B680646C01A4CF25033984217
:1020900000F2A881B0F57A7FC0F0A18107F0BAFD07
:1020A00007F0AAFBA4A3D3E9002307F017F907F070
:1020B000ABFCAA4A13780546002B00F09981A84C86
:1020C0003E6001F0D3FE42F20F73984200F28B8023
:1020D000A44BD3F800800021404607F087FFB4F9F5
:1020E00036B018B1584607F099FD80469E4B1F68E0
:1020F0000021384607F07AFFB4F9389018B1484605
:1021000007F08CFD0746994B1E680021304607F00A
:102110006DFFB4F93AA018B1504607F07FFD0646AE
:10212000584607F057FB86A3D3E9002307F0D6F8FB
:1021300002460B464046CDE9002307F05DFB82A333
:10214000D3E9002307F0CAF807F05EFC07F054FB60
:1021500002460B46DDE9000107F0F0F907F054FCF8
:10216000804B1860484607F035FB75A3D3E9002380
:1021700007F0B4F880463846894607F03DFB72A365
:10218000D3E9002307F0AAF807F03EFC07F034FB80
:1021900002460B464046494607F0D0F907F034FCAA
:1021A000714B1860504607F015FB65A3D3E9002377
:1021B00007F094F8024630460F46164607F01CFB1F
:1021C00061A3D3E9002307F089F807F01DFC07F0AD
:1021D00013FB0B4602463946304607F0AFF907F0CD
:1021E00013FC624B1860624BA069196807F060FC31
:1021F000604A03461168E0690E9307F059FC5E4B94
:1022000006461968206A0F9607F052FC29460346D5
:102210003046109307F056FD616A07F04BFC07F05B
:10222000EBFA4BA3D3E9002307F058F807F0ECFBD7
:10223000E36822696062029302A8636903920493CF
:1022400000F0FAFC0F9B0E9A069305A9109B0793CA
:1022500002A8059200F0FEFF294607F033FD014673
:10226000A06A07F027FC0E99A062084607F02AFD35
:102270000F9F109E04463946384607F023FD01465D
:10228000204607F017FC31460446304607F01AFD99
:102290000146204607F00EFC00F09EF9294607F0A3
:1022A00011FD4FF07C5107F00DFD054600F096FA48
:1022B0000446284600F004FB002506460EA81195AA
:1022C00000F076FB21460E9807F0FCFC21460E90AC
:1022D0000F9807F0F7FC21460F90109807F0F2FCDA
:1022E00012AA0EA910902548119600F0EFFD12A831
:1022F00000F05EFB214812A900F0DEFD204B1F48D4
:102300000A9316A90895099500F0C6FD08A916A814
:1023100000F064FE01F0AAFD41F2873398420BAA57
:1023200002A908A894BF174C174C00F063FF0B9844
:102330002CE000BFAFF300808DEDB5A0F7C6B03E36
:102340007B14AE47E17A843FAE47E17A14AEEF3FAB
:102350001EA7E8482EFFEF3F7C08002080080020E1
:10236000E40700208808002090080020980800203A
:10237000840800208C08002094080020D407002046
:10238000000080BF0AD7233C17B7D1384FF07E53E7
:10239000214600F100401D9307F094FC03460C9881
:1023A0001A93214600F1004007F08CFC03460D987B
:1023B0001B93214600F1004007F084FC03461AA855
:1023C0001C9300F0F5FA12481EAA1AA900F07EFD2F
:1023D0000F481EA900F070FD0D4800F0E9FA23B087
:1023E000BDE8F08F0B4A0C4D1378002B7FF467AEDD
:1023F00007490A4C00230B604B608B606362A36249
:10240000E3624FF07E53CB600123137058E600BFA8
:10241000D407002080080020CDCC4C3DE4070020EC
:1024200030B5124C237883B0D3B9114C237813B153
:10243000002003B030BD0F4D9E202968FFF76AFCD5
:1024400000F003000328F3D1296800910A4B0B4ADE
:102450000E21A020FFF78CFC0120207003B030BDBE
:10246000FFF70AFE00232370DFE700BF810800208A
:1024700058080020E40700205C080020D91D000057
:1024800038B584460C4601251046614622464FF079
:10249000A04C104C05FA03F3CCF818352360CCF8A7
:1024A000083500232364FFF7ABFB0B4B2268636006
:1024B00029460A4BA3602846FFF700FC22686021EA
:1024C0001020FFF7FBFB22686421BDE83840112093
:1024D000FFF7F4BBE4070020CDCC1C3AA721A039BC
:1024E0002DE9F041174C8046E06816461D460F4620
:1024F00007F082F9144B002206F0F0FE07F05CFAB8
:10250000A8F80000206807F077F90F4B002206F0CA
:10251000E5FE07F051FA3880606807F06DF90A4B64
:10252000002206F0DBFE07F047FA3080A06807F0D3
:1025300063F9054B002206F0D1FE07F03DFA288032
:10254000BDE8F081D40700200040DF40054BB3F91F
:1025500030C0A0F800C0B3F932000880B3F93430BD
:1025600013807047E4070020054BB3F936C0A0F88C
:1025700000C0B3F938000880B3F93A3013807047CF
:10258000E407002008B5044B0449586A07F09AFB99
:1025900007F05EFD00B208BDE407002000007A44A9
:1025A00008B5044B0449986A07F08CFB07F050FD0E
:1025B00000B208BDE407002000007A4408B5044BCF
:1025C0000449D86A07F07EFB07F042FD00B208BD5F
:1025D000E407002000007A442DE9F84F002104466A
:1025E00007F00EFD002840F0D5800021204607F0BE
:1025F000FDFC002840F0CB807549204607F01EFD09
:10260000002800F0CA800FF2B819D9E90089DFF874
:10261000C4A16F4F4FF07E55012602E00136152E02
:1026200049D0204607F0E8F842464B4606F056FEF1
:1026300007F0EAF951460446284607F043FB3946BD
:102640000546204607F0FAFC0028E7D1204607F0AF
:10265000D3F85BA3D3E9002307F086F958B3142E0F
:1026600006F1010A27D00FF26019D9E9008954A7B1
:10267000D7E90067DFF858B103E0BAF1130F1AD8B1
:102680009A465946204607F01DFB0446284607F0A7
:10269000B3F842464B4606F021FE07F0B5F9054671
:1026A000204607F0A9F83B46324607F05DF90AF1EB
:1026B00001030028E1D14FF07C51284607F002FBCE
:1026C00006464FF07E51204607F0F4F94FF07C515A
:1026D00007F0F8FA07460146204607F0A7FB3946FF
:1026E000044607F0E7F94FF07C5107F0EBFA054696
:1026F0000146384607F09AFB214607F0E3FA2946DF
:10270000074607F0D7F94FF07C5107F0DBFA044693
:102710000146284607F08AFB394607F0D3FA2146DE
:10272000074607F0C7F94FF07C5107F0CBFA054692
:102730000146204607F07AFB394607F0C3FA2946DE
:10274000074607F0B7F94FF07C5107F0BBFA044693
:102750000146284607F06AFB394607F0B3FA2146DE
:10276000074607F0A7F94FF07C5107F0ABFA054692
:102770000146204607F05AFB394607F0A3FA2946DE
:1027800007F098F9314607F09DFABDE8F88F002070
:10279000BDE8F88F1048BDE8F88F204607F02CF808
:1027A00007A3D3E9002307F0DFF84FF07C56002899
:1027B00087D04FF07E554FF0010A54E7AFF3008009
:1027C0007B14AE47E17A843F9A9999999999B93FD8
:1027D0000000C84200002041000080BF70B53249AF
:1027E000044607F00DFC58B1304E2F4D31462046BF
:1027F00007F060F92946044607F002FC0028F5D1ED
:102800002B49204607F01AFC58B1284E284D314676
:10281000204607F04DF92946044607F00FFC002832
:10282000F5D10021204607F0EBFB10BB21492046E3
:1028300007F048FA20490546204607F043FA2146AA
:1028400007F040FA0146284607F032F90021044615
:1028500007F0D6FB18BB2146204607F033FA214685
:1028600007F026F9154907F02DFA214607F022F95D
:1028700070BD1149204607F025FA214607F022FADB
:102880000C490546204607F01DFA0146284607F088
:1028900011F90021044607F0B3FB0028DBD004F156
:1028A00000402146D9E700BFDB0F49C0DB0FC9401C
:1028B000DB0F494083F9A23F7B81CF3E6666663ECF
:1028C00070B5344907F0F6F83349044607F098FB31
:1028D00058B1324E304D3146204607F0EBF82946CC
:1028E000044607F08DFB0028F5D12D49204607F05E
:1028F000A5FB58B1294E2A4D3146204607F0D8F89D
:102900002946044607F09AFB0028F5D1002120460D
:1029100007F076FB18BB2349204607F0D3F922497C
:102920000546204607F0CEF9214607F0CBF90146CF
:10293000284607F0BDF80021044607F061FB20BBE4
:102940002146204607F0BEF9214607F0B1F81749A5
:1029500007F0B8F90146204607F0ACF870BD1249FF
:10296000204607F0AFF9214607F0ACF90D490546BE
:10297000204607F0A7F90146284607F09BF80021FA
:10298000044607F03DFB0028DAD004F10040214660
:10299000D8E700BFDB0FC93FDB0F49C0DB0FC940E1
:1029A000DB0F494083F9A23F7B81CF3E6666663EDE
:1029B0002DE9F04F87B0026845688668C7680590C2
:1029C00011461046019202950396049707F07AF992
:1029D00029460446284607F075F90146204607F0C7
:1029E00069F831460446304607F06CF90146204646
:1029F00007F060F839460446384607F063F90146A7
:102A0000204607F057F80021044607F0F9FA00289D
:102A100040F0F1800021204607F0E8FA002840F05D
:102A2000EA808349204607F009FB002800F0E68091
:102A30007BA7D7E90067DFF8FCB1DFF8F4A14FF01E
:102A40007E554FF0010804E008F10108B8F1150FB8
:102A500048D0204606F0D0FE32463B4606F03EFC0B
:102A600006F0D2FF59460446284607F02BF9514696
:102A70000546204607F0E2FA0028E5D1204606F098
:102A8000BBFE67A3D3E9002306F06EFF50B3B8F195
:102A9000140F08F1010625D00FF28C1BDBE900AB07
:102AA0000FF27C19D9E90089614F02E0132E19D881
:102AB0001E463946204607F005F90446284606F02A
:102AC0009BFE52465B4606F009FC06F09DFF05465C
:102AD000204606F091FE4B46424606F045FF731C29
:102AE0000028E3D128464FF07C5107F0EBF806466A
:102AF0004FF07E51204606F0DDFF4FF07C5107F08D
:102B0000E1F807463946204607F090F93946044671
:102B100006F0D0FF4FF07C5107F0D4F80546294667
:102B2000384607F083F9214607F0CCF829460746D6
:102B300006F0C0FF4FF07C5107F0C4F80446214670
:102B4000284607F073F9394607F0BCF821460746D6
:102B500006F0B0FF4FF07C5107F0B4F80546294667
:102B6000204607F063F9394607F0ACF829460746D6
:102B700006F0A0FF4FF07C5107F0A4F80446214670
:102B8000284607F053F9394607F09CF821460746D6
:102B900006F090FF4FF07C5107F094F80546294667
:102BA000204607F043F9394607F08CF8294606F02D
:102BB00081FF314607F086F80021044607F03EFA0F
:102BC000C8B121464FF07E5007F030F90199044614
:102BD00007F078F8059D02992860204607F072F802
:102BE00003996860204607F06DF80499A8602046B4
:102BF00007F068F8E86007B0BDE8F08F204606F0FF
:102C0000FBFD07A3D3E9002306F0AEFE4FF07C5690
:102C100000283FF46DAF4FF07E5501263CE700BF22
:102C20007B14AE47E17A843F9A9999999999B93F73
:102C30000000C842000020412DE9F04F85B0036834
:102C4000466803901946054618460093019607F01A
:102C500039F8AD68029504463146304607F032F83F
:102C60000146204606F026FF29460446284607F07E
:102C700029F80146204606F01DFF0021044607F012
:102C8000B5F9002840F0E5808149204607F0D6F9E3
:102C9000002800F0E1807AA7D7E90067DFF8F4A107
:102CA000DFF8EC914FF07E554FF0010804E008F199
:102CB0000108B8F1150F48D0204606F09DFD3246B8
:102CC0003B4606F00BFB06F09FFE514604462846A5
:102CD00006F0F8FF49460546204607F0AFF9002800
:102CE000E5D1204606F088FD65A3D3E9002306F070
:102CF0003BFE50B3B8F1140F08F1010625D00FF2D6
:102D00008819D9E900890FF2781BDBE900AB604F25
:102D100002E0132E19D81E463946204606F0D2FF8F
:102D20000446284606F068FD42464B4606F0D6FAB1
:102D300006F06AFE0546204606F05EFD5B465246FA
:102D400006F012FE731C0028E3D128464FF07C5198
:102D500006F0B8FF06464FF07E51204606F0AAFE68
:102D60004FF07C5106F0AEFF07463946204607F08B
:102D70005DF83946044606F09DFE4FF07C5106F0A2
:102D8000A1FF05462946384607F050F8214606F0CF
:102D900099FF2946074606F08DFE4FF07C5106F05C
:102DA00091FF04462146284607F040F8394606F0D0
:102DB00089FF2146074606F07DFE4FF07C5106F064
:102DC00081FF05462946204607F030F8394606F0CF
:102DD00079FF2946074606F06DFE4FF07C5106F05C
:102DE00071FF04462146284607F020F8394606F0D0
:102DF00069FF2146074606F05DFE4FF07C5106F064
:102E000061FF05462946204607F010F8394606F0CE
:102E100059FF294606F04EFE314606F053FF0021C9
:102E2000044607F00BF9A0B121464FF07E5006F0A2
:102E3000FDFF0099044606F045FF039D01992860B7
:102E4000204606F03FFF02996860204606F03AFFF0
:102E5000A86005B0BDE8F08F204606F0CDFC08A3C1
:102E6000D3E9002306F080FD4FF07C5600283FF4A4
:102E700072AF4FF07E55012641E700BFAFF30080EF
:102E80007B14AE47E17A843F9A9999999999B93F11
:102E90000000C84200002041036803F100430B60BA
:102EA000436803F100434B60836803F100438B6088
:102EB000C368CB60704700BF0B6803604B6843601A
:102EC0008B688360CB68C360704700BF2DE9F04119
:102ED00004460D46C068C968164606F0F3FE296828
:102EE0000746206806F0EEFE69688046606806F0D6
:102EF000E9FE0146404606F0DDFDA9688046A0686F
:102F000006F0E0FE0146404606F0D4FD0146384694
:102F100006F0CEFDF0602968E06806F0D3FE216877
:102F20000746E86806F0CEFE0146384606F0C2FDC8
:102F3000A9680746606806F0C5FE0146384606F0F7
:102F4000B9FD69680746A06806F0BCFE0146384630
:102F500006F0AEFD30606968E06806F0B3FE6168B7
:102F60000746E86806F0AEFE0146384606F0A2FDC8
:102F700029680746A06806F0A5FE0146384606F017
:102F800099FDA9680746206806F09CFE0146384670
:102F900006F08EFD7060A968E06806F093FEA168F7
:102FA0000746E86806F08EFE0146384606F082FDC8
:102FB00069680746206806F085FE0146384606F037
:102FC00079FD2968034660681C4606F07BFE0146D1
:102FD000204606F06DFDB060BDE8F0812DE9F04FB0
:102FE00087B0C46803688268D1F800A0D1F8048073
:102FF0008F68D0F804B003912046002103F1004906
:103000000192059306F05EFE49460546504606F0DD
:1030100059FECDF808B00BF1004B06465946404624
:1030200006F050FE0146304606F044FD019B00903C
:1030300003F100463146384606F044FE009A014648
:10304000104606F037FD0146284606F031FD002106
:103050000090484606F036FE21460546504606F0EA
:1030600031FE0146284606F025FD3146054640461C
:1030700006F028FE0146284606F01CFD5946054686
:10308000384606F01FFE0146284606F011FD0021D5
:103090000546584606F016FE21460490404606F0C6
:1030A00011FE049A0146104606F004FD49460490BC
:1030B000384606F007FE049A0146104606F0FAFC70
:1030C00031460490504606F0FDFD049A0146104634
:1030D00006F0EEFC002102463046164606F0F2FDF0
:1030E00021460490384606F0EDFD049A014610464C
:1030F00006F0E0FC59460746504606F0E3FD01465F
:10310000384606F0D7FC49468246404606F0DAFDCE
:103110000146504606F0CCFC29468046204606F083
:10312000D1FD059B009904938146184606F0CAFD1F
:103130000146484606F0BEFCDDF808A0814641463F
:10314000504606F0BFFD0146484606F0B3FCDDF8E8
:1031500004B081463146584606F0B4FD0146484663
:1031600006F0A6FC039F31463860204606F0AAFD13
:1031700000998146504606F0A5FD0146484606F0F6
:1031800099FC29468146584606F09CFD0146484672
:1031900006F090FC049B019381464146184606F0D8
:1031A00091FD0146484606F083FC41467860204682
:1031B00006F088FD00990446584606F083FD014656
:1031C000204606F077FC019B04463146184606F07F
:1031D00079FD0146204606F06DFC2946044650461E
:1031E00006F070FD0146204606F062FCB86007B0AC
:1031F000BDE8F08FF8B504460D464068896816466C
:1032000006F060FD69680746A06806F05BFD0146B0
:10321000384606F04DFC30602968A06806F052FD83
:10322000A9680746206806F04DFD0146384606F0BD
:103230003FFC70606968206806F044FD2968034619
:1032400060681C4606F03EFD0146204606F030FC54
:10325000B060F8BD70B504460D460068096806F018
:1032600031FD69680646606806F02CFD014630466F
:1032700006F020FCA9680346A0681C4606F022FD63
:103280000146204606F016FC70BD00BF4FF080528C
:103290004FF42C331169B3FBF1F301FB03F38908FD
:1032A0004FF0FF300FD0002201E091420AD0844657
:1032B0001868B0F1FF3F02F1010203F10403F4D1F9
:1032C000604670477047704730B54FF080534FF4F9
:1032D0002C351B69B5FBF3F55FEA930C05FB03F492
:1032E00059D021464FF0FF32002302E001339C45C4
:1032F0000AD096460A68B2F1FF3F01F10401F5D108
:10330000421C23D0002B3FD100220CF1FF3C9C45F6
:103310001DDD04EB8204214AD2F80034002BFBD0DF
:1033200001231E49C2F80435D1F80034002BFBD02C
:103330001A4A2060D2F80034002BFBD00023174932
:10334000C2F80435D1F80034002BFBD030BD134A4D
:10335000D2F80034002BFBD002231049C2F8043508
:10336000D1F80034002BFBD00C4AC1F80855D2F834
:103370000034002BFBD000230849C2F80435D1F8F3
:103380000034002BFBD0C6E730EA0E0201D15A1EF2
:10339000BBE71A46B9E763466246B6E700E001407C
:1033A000124BD3F85025A2B1D3F85025042A11D0DE
:1033B000D3F850250C2A0DD000220121C3F8002299
:1033C000C3F810211961D3F85025002AFBD1C3F8A6
:1033D00010217047054AD2F85035042BFBD0034A20
:1033E000D2F850350C2BFBD0704700BF00100040C6
:1033F000F0B58C463B4F3C49022501240426BCF124
:10340000FA0FC7F88050C1F8FC4FC1F80C65C1F83D
:1034100008055DD0BCF57A7F52D10020C1F81005B7
:10342000079C059EDFF8C4E0314F0021084664F395
:103430000700069C03F0010364F30F202D4C5B0290
:1034400004EA104C43F4827343EA0C0363F31F4015
:10345000254B244CC3F824E54FF4847566F31345DB
:103460000EF1443E244EC3F828E54FF01E0CC3F87D
:103470001C65C3F820650126C3F82C15C3F8306518
:10348000C3F81455C3F81805C3F844C5C3F8342568
:10349000AA22C3F83C2540F20712C3F838254FF0A2
:1034A000FF32C3F81011C3F80C11C3F80823082227
:1034B000C3F804230223396084F801132360F0BDAC
:1034C00040F2E930844506D10320C1F81005A7E792
:1034D000C1F81055A4E7BCF5FA6F08BFC1F8104554
:1034E0009EE700BF00E100E00010004011223344DD
:1034F000F0080020F8FCFFFFA70DE60EF0B4364BF5
:10350000364C1E68364B0225C4F88050042701242F
:10351000FA29C3F8FC4FC3F80C75C3F8080551D05D
:10352000B1F57A7F46D10021C3F8101500212C4B4C
:10353000DFF8B0C02C48C3F824C50C4666F3070476
:103540002A4D2B4E00EA14400CF1443CC3F828C528
:1035500040F44170C3F81C55C3F820550125C3F849
:103560002C1560F31F44C3F830551E274FF48475A3
:10357000C3F81455C3F81845C3F84475C3F8342587
:10358000AA22C3F83C2540F20712C3F838254FF0B1
:10359000FF32C3F810111148C3F80C11C3F8082307
:1035A0000822C3F804230223316080F8011303606A
:1035B000F0BC704740F2E930814206D10321C3F8E4
:1035C0001015B3E7C3F81055B0E7B1F5FA6F08BFAF
:1035D000C3F81045AAE700BF3000002000E100E07A
:1035E0000010004011223344F8FCFFFFA70DE60E47
:1035F000F008002010B41D4BD3F85025032A1FD02B
:10360000D3F85025012A1BD0D3F85025022A17D011
:10361000D3F85025A2B1D3F85025042A1BD0D3F8F3
:1036200050250C2A17D000220121C3F80022C3F82C
:1036300010211961D3F85025002AFBD1C3F81021BD
:103640000A4B0B4A112401200521C3F8004258609F
:10365000117010BC7047054AD2F85035042BFBD0CE
:10366000024AD2F850350C2BFBD0E9E7001000409D
:10367000A108002030B4204BD3F85025092A03D0EC
:10368000D3F850250A2A11D11C4C1B4A1C481D494D
:1036900000252560012303244FF0020CC2F80042EC
:1036A000136080F800C00B6030BC7047D3F8502521
:1036B000002AE9D0D3F85025042A11D0D3F8502598
:1036C0000C2A0DD000220121C3F80022C3F81021DA
:1036D0001961D3F85025002AFBD1C3F81021D3E794
:1036E000054AD2F85035042BFBD0034AD2F85035A6
:1036F0000C2BFBD0C8E700BF001000409C08002046
:10370000A1080020EC08002038B52F4C23682BB10D
:103710004BE000F0ABFB431B022B02D82368002BCD
:10372000F7D12A4BD3F85025092A03D0D3F85025D6
:103730000A2A20D12649254A264B0020086001216B
:103740000320C2F80002116004211970D2F850352C
:10375000002BFBD0D2F850350C2BF7D0D2F85035D7
:10376000042BF3D0D2F8003243F018030121C2F841
:103770000032216038BDD3F85025002ADAD0D3F8C2
:103780005025042A15D0D3F850250C2A11D0002238
:103790000121C3F80022C3F810211961D3F8502584
:1037A000002AFBD1C3F81021C4E700F05FFB0546F7
:1037B000B4E7064BD3F85025042AFBD0034BD3F8CB
:1037C00050250C2AFBD0B5E7EC0800200010004083
:1037D0009C080020A1080020002970B53D4E21DD85
:1037E000431CF31A022B6BD94B1E072B68D921F00F
:1037F000030C03468444324653F8044B42F8044B0E
:103800006345F9D18A0721F003030BD0C25CF2545F
:103810005A1C914206DD0233845CB454994201DDA6
:10382000C25CF2542C4C23682BB13AE000F01EFB32
:10383000401B022802D82368002BF7D1274BC3F87E
:103840000465D3F85025092A03D0D3F850250A2A55
:103850000DD12348214A2349002505600320C2F8E1
:1038600000020123022013600870236070BDD3F8AA
:103870005025002AEDD0D3F85025042A15D0D3F8CE
:1038800050250C2A11D000220121C3F80022C3F8D0
:1038900010211961D3F85025002AFBD1C3F810215B
:1038A000D7E700F0E3FA0546C5E70C4AD2F85035F1
:1038B000042BFBD0094AD2F850350C2BFBD0C8E7BB
:1038C000431E044A194413F8010F02F8010B8B42FE
:1038D000F9D1A7E7000A0020EC0800200010004002
:1038E0009C080020A108002010B4214A214B224945
:1038F0001068224A0860C3F80425D3F85025032A2B
:103900001FD0D3F85025012A1BD0D3F85025022A06
:1039100017D0D3F85025A2B1D3F85025042A1BD0D4
:10392000D3F850250C2A17D000220121C3F8002219
:10393000C3F810211961D3F85025002AFBD1C3F830
:1039400010210C4B0E4A112401200521C3F800421E
:103950005860117010BC7047064AD2F85035042BDD
:10396000FBD0044AD2F850350C2BFBD0E9E700BF5E
:10397000FC09002000100040A4080020FC080020E2
:10398000A108002089102DE97043214E1DD4031D8C
:103990009E4218BF0B2901F101012DD946EA000210
:1039A000540729D14C08324600EBC4040346F3E81F
:1039B0000289A342E2E80289F9D1CA0721F0010392
:1039C00003D550F8232046F82320124C23682BB14E
:1039D0000EE000F04BFA401B022802D82368002BAF
:1039E000F7D10D4BC3F80465BDE87043FFF78CBEFB
:1039F00000F03CFA0546F1E7054A00EB810000E0E3
:103A0000043353F8041C42F8041B8342F8D1DCE76A
:103A1000000A0020EC08002000100040034A044B7C
:103A200010681B68C01A18BF01207047A408002046
:103A3000FC09002010B4094C021F0023214651F854
:103A4000040B42F8040F60780133B3EB900FF6DDFE
:103A5000034A044B12681A6010BC7047FC0800202F
:103A6000FC090020A4080020014B1860704700BF2B
:103A7000F0080020014B00221A607047F408002073
:103A8000014B00221A607047F80800200D4A0E49C9
:103A90000023C2F80031C2F80431C2F80831C2F87C
:103AA0000C31C2F81031C2F81431C2F81831C2F822
:103AB0001C31C2F82831C2F83031C2F834310B6001
:103AC000704700BF00100040EC080020A44B1A68AB
:103AD00002B11047A34BD3F80411002947D1D3F802
:103AE0000C21A2B1A0489F4BA04A00210160C3F85D
:103AF0000C111178022936D0117801293FD01178A4
:103B000004291ED011780529C8B241D070479649C2
:103B10000A60C3F80021C3F80421C3F80821C3F8E0
:103B20000C21C3F81021C3F81421C3F81821C3F8DD
:103B30001C21C3F82821C3F83021C3F834210A60BE
:103B400070478B49C3F8041503E0D3F850150329D7
:103B500003D0D3F850150229F7D18249112005234B
:103B6000C1F800021370834B1B683BB11847C3F8C0
:103B70000421D3F80C31002BB4D1704770477E4A32
:103B80001368013313607D4B1B68002BEED1BDE73A
:103B900010B5794C216801312160794909780029F3
:103BA0006DD0D3F800347749002B78D00978764B64
:103BB0000124A1421C6001F1020C40F3C98073484A
:103BC000734BD0F800E0C3F800E04FEA9C04012CEE
:103BD00026D0D0F804E0C3F804E0022C20D0D0F8BE
:103BE00008E0C3F808E0032C1AD0D0F80CE0C3F8C2
:103BF0000CE0042C14D0D0F810E0C3F810E0052C31
:103C00000ED0D0F814E0C3F814E0062C08D0072C2E
:103C1000D0F818E018BFC469C3F818E018BFDC6119
:103C20003CF4FE742CF0030E13D010F80E4003F891
:103C30000E408E450EF101040BDC10F804C003F8B1
:103C400004C0A14204F1010C03DB10F80C0003F8DE
:103C50000C00F1B143490424147003200122C1F87F
:103C60000435C1F800020A60D1F85035002BFBD0B2
:103C7000D1F8003243F01803C1F8003210BD012121
:103C8000107099603D4B1B68002BF7D0BDE81040C9
:103C90006CE7344B052001211070996010BD097844
:103CA000394B4FF0FF300129186001F1020C48DD5B
:103CB0003848374BD0F800E0C3F800E04FEA9C04E6
:103CC000012C26D0D0F804E0C3F804E0022C20D068
:103CD000D0F808E0C3F808E0032C1AD0D0F80CE0C4
:103CE000C3F80CE0042C14D0D0F810E0C3F810E0B6
:103CF000052C0ED0D0F814E0C3F814E0062C08D040
:103D0000072CD0F818E018BFC469C3F818E018BF32
:103D1000DC612CF003043CF4FE7C9AD010F804C063
:103D200003F804C0A14204F1010C92DB10F80C402E
:103D300003F80C400CF101046145A4BF005D185567
:103D400087E71448124B04781C704FF0010CEDE724
:103D50000E480F4B90F800C083F800C06DE700BF1D
:103D6000F008002000100040EC080020A10800200E
:103D7000FC080020F8080020FC090020F4080020BE
:103D8000A0080020E80800209C080020C8080020A7
:103D9000000A0020A8080020014B1868704700BFE7
:103DA000EC080020184B1948DFF864C0FA212DE90F
:103DB000F0410022C3F840154FF004080121C3F878
:103DC0000425C3F80815C3F810854FF48038C3F8EC
:103DD0000483DFF840E0104F104E114DC3F800127D
:103DE0004FF48068C0F800800E4C4FF0400880F817
:103DF0000A83CEF80020CCF800203A6032602A60B6
:103E000019602170BDE8F08100A0004000E100E0F1
:103E1000080B0020000B0020100B0020040B0020DA
:103E20000C0B0020300B0020064A0749074B10B44A
:103E30004FF48064C2F880400120002208611A70AB
:103E400010BC704700E100E000A00040300B0020F3
:103E5000044B054A01219964D3F8480513681844B6
:103E6000704700BF00A00040000B0020014B186805
:103E7000704700BF080B0020164B70B400241C6074
:103E8000154B164E1A60164B1860164B01255D60D7
:103E900031600321DD60C3F80445C3F808154FF411
:103EA0008031C3F81045C3F84005C3F804134FF43C
:103EB0008071C3F800120AB1C3F800520A4B094AD4
:103EC00060244FF08060012183F81A43186011606C
:103ED00070BC70472C0B0020280B0020140B002016
:103EE000240B002000A0014000E100E0174BDFF8A8
:103EF00060C0F0B50124174D1C60DFF85CE0174B83
:103F00002C600025CEF800505C60CCF80020032225
:103F1000DC60C3F80455C3F808254FF48032C3F8B9
:103F200010550F4EC3F84005C3F804234FF48072B8
:103F3000C3F800226022C3F800420A4F86F81A2311
:103F40004FF0806232601C603960F0BD200B0020B1
:103F5000140B0020280B00202C0B002000A0014097
:103F600000E100E0240B0020014B01225A60704761
:103F700000A001400249034B086001221A6070470B
:103F8000180B00201C0B002010B4124B1249134CCC
:103F90000020C3F840010A68114BFA320A601A681F
:103FA00001321A6019682268914211D30D4C0E4AF1
:103FB00021680131216018601368013313601368B0
:103FC000B3F57A7F04D309490B6801330B601060A5
:103FD00010BC704700A00040000B002034000020FF
:103FE000040B0020080B00200C0B0020100B0020FD
:103FF000074B1B7853B107490B6882B018440190F6
:104000000A68019B9A42FBD102B07047704700BF1B
:10401000300B0020080B002038B5154603221C4643
:10402000FFF76CFA074A084B15601C60FFF75CFC51
:10403000064B01220021C3F80012C3F804251A60C0
:1040400038BD00BF3C0000209010002000D0004090
:10405000014B1860704700BF4400002030B4354B5E
:104060001B6843BB002922DD334D431CEB1A022B96
:1040700055D94B1E072B52D921F0030C034684441B
:104080002A4653F8044B42F8044B6345F9D18A079A
:1040900021F003030BD0C25CEA545A1C914206DDA6
:1040A0000233845CAC54994201DDC25CEA54234B78
:1040B000196030BC70470029F9DD214A431CD31A2E
:1040C000022B22D94B1E072B1FD921F0030C0346CC
:1040D000844453F8044B42F8044B6345F9D18C07F0
:1040E00021F00303E3D0144AC45C1A4414745C1C2A
:1040F0008C42DCDA0233045D54749942D7DDC35C30
:1041000093740E4B196030BC704701380D4B441846
:1041100010F8012F03F8012FA042F9D1C7E70138A9
:10412000054B441810F8012F03F8012BA042F9D1D8
:10413000BDE700BF901000203C0C00203C0D00208B
:104140004C0C00204B0C00202DE9F04F87B0FFF7FE
:1041500065FC002840F0DB80FFF77AFEAA4BAB49F4
:104160001A680968841A8C4202D28242C0F0A78081
:10417000A74AA8491860136803910968029210467B
:104180005A1C8A42026040F39D8000230360FFF7BF
:104190006DFE039B0090D3F80090B9F1000F6EDD27
:1041A0009D4B9E4A9E4C1B68019393462346904626
:1041B0004FF0010A0026CE4609E0D44603F1040977
:1041C000E64508F104080AF1010A4B4652DD116880
:1041D0000098019D411AA942104602F10402ECD94F
:1041E000F245D44680F2D88043EA0805154303F12E
:1041F000040945EA09050AF1FF316D07AEEB010636
:10420000414640F0BC80B51E062D40F2B880751EB8
:1042100004956D0808EBC506CDF814E01D1F0438A1
:10422000083BD646B446F5E90267E3E90267F0E9E0
:104230000267E1E802676145F5D1F446DDE9040E65
:1042400020F00103984203EB0A0108D0481E54F8FD
:10425000213044F820305BF821304BF820300EF14B
:10426000FF3EE6454FF0010608F104080AF1010A95
:104270004B46ACDCF14616B1039BC3F800E0694C39
:10428000694D84F807904FF4805323802B68002BEE
:10429000C4BF103363705D4B1B681BBAA360002260
:1042A0000123C4F80220A371FFF776FD50BB6178AB
:1042B0005C48FFF767FB029B1B6803B92B6007B0E4
:1042C000BDE8F08F002A3FF462AF564C564DE171C5
:1042D00003F10B022270102262702A685049002AF2
:1042E000C4BF10326270514AD25C22720122A271A4
:1042F00051F8232031F823305BBAA380130E120C3F
:10430000A370E270FFF748FD0028FBD1CFE7484DCE
:104310002846FFF78FFB474B0528D3F800340446A7
:104320007FF71AAF002B3FF417AF394B02931A46B1
:10433000D5F8023016681BBA8EBB002B3FF40CAFC9
:10434000344A039215683F2D3FF706AF002D344CD9
:1043500009DD224604EB850052F8041B8B423FF432
:10436000FBAE8242F8D144F82530FFF77FFD039978
:104370002A4A0B6842F8250001330B60ECE62E490F
:10438000404601EB8E05596843F8041B416840F82C
:10439000041B9D42F7D162E703F104095FE7204A5D
:1043A000013E52F826209A427FF4D6AEFFF75EFD1A
:1043B0001A4B43F82600214B214E01221A60214B53
:1043C00024F003001C602A463044334652F8041B94
:1043D00043F8041B8342F9D1A70724F003030BD051
:1043E000EA5CF2545A1C944206DD0233A95CB154D3
:1043F0009C42C4BFEA5CF254029A0C4B11682A78C2
:104400000B4403F8012CA7E6480E00203C000020D6
:10441000400D0020340B002038000020500E0020FA
:10442000500F00203C0C00203C0D002050100020BC
:10443000440D0020001000404C0F0020941000207C
:10444000380B0020380C0020594B1B680BB1FFF7CC
:104450007BBE2DE9F04182B0FFF708FD0446FFF76F
:10446000DDFA10B902B0BDE8F081524E3046FFF7D8
:10447000E1FA514BD3F800340546002BF2D0052861
:10448000F0DD4E4AD6F80230118896F8088012689E
:1044900018BA49BA002B3AD09042E3D1484F494864
:1044A000494A4A4B156025F0030C012284444548D3
:1044B0001A60404A034652F8041B43F8041B9C450B
:1044C000F9D1AA0725F003030BD0F25CC2545A1CA1
:1044D000954206DD0233B15C81549D42C4BFF25C5B
:1044E000C2543B4D3B4A2B683C60002B1460B9DD45
:1044F000394C23784345B5D0FFF74EFC0028B1D1A5
:104500002968204602B0BDE8F041FFF73BBA334BC3
:104510002B4FD3F800C03B68E31A634524D82948E1
:10452000002ABDD0294B012225F003041A6004445F
:10453000254B24481F4A1D60034652F8041B43F8CC
:10454000041BA342F9D1A90725F003038AD0F25C2A
:10455000C2545A1C954285DD0233B15C81549D42A0
:1045600080DDF25CC2547DE71A4BDFF874E01C601A
:10457000DEF808C51B4BCEF80001A3FB0C035B095A
:10458000642000FB13C3612B0E48C9D941F201031B
:104590000380130E8370130CC37001238180837119
:1045A000102101920090FFF7EDF9DDE90002B7E775
:1045B00090100020440D0020001000404400002016
:1045C000440E0020380B0020380C002094100020EE
:1045D0003C0D00204C0E00203C0C00204000002030
:1045E00000D000401F85EB512DE9F843B64CB74B86
:1045F00094F8271094F8292094F82A000A4483FBA1
:10460000021313445B1103EBC30103EB8103D31AC1
:10461000DEB2252884F8296009D004EBD60206F022
:10462000070592F822100122AA40114265D0A8493C
:104630008A8B92B2002A40F08780A649A64F0122B9
:104640000A6122691002120EC1F81C05C1F8242566
:104650000B2BB4BF0422062202EB43039D4DDFF86F
:104660007C82C5F80835A38D626946F0400640F2A9
:104670005B61C5F854650133C5F83815C5F83C25AC
:10468000A385FFF7E5FB94F83C60954B032E18607B
:10469000C5F8048500F0BC80022E00F0C880012E11
:1046A00000F0EB82FEF7A6FF8E498A4B01220A60DA
:1046B000D3F8001241F00201C3F80012D3F800123F
:1046C00041F00401C3F800123B68022B00F0DA80CD
:1046D000FFF7CCFB238C226BB3F57A7F3CBF03EB57
:1046E00083035B00A0EB020034BF03F2DC5342F60D
:1046F000EC4398422ED8BDE8F8837B4B74491D7873
:10470000B6FBF5F305FB13668B8B784AF6B29BB2CA
:10471000965D002B40F0BC806F4F6E4901230B610A
:104720002269252E4FEA02204FEA1262C1F81C05C9
:104730003346C1F8242500F0B882262E00F0B78257
:10474000272E85D1502389E7A58DCA8D95427FF408
:1047500074AFA2E0664E674F01254FF002083D603E
:10476000FFF702FCC6F8808001F03EFDFFF782F9FA
:10477000FFF786F96048FFF777F9002002F0ECF8C0
:10478000544B94F83B10DFF874E15D4CDFF874C1D2
:10479000C3F8FC5F4FF00309C3F81095C3F814E5A4
:1047A000C3F818C5C3F81C458E24C3F8244500225D
:1047B00040F20314C3F82C25C3F83055C3F8344530
:1047C0009624C3F84445504840F25B64C3F838452A
:1047D000C3F83C050420C3F80C054FF6FF70C3F87E
:1047E0001021C3F80C21C3F808030A20C3F80403FE
:1047F00086F80123C6F800803D6000297FF47BAF76
:10480000424A1368B3FA83F35B091360BDE8F88387
:1048100000253F4884F83C50294602F0A7FB284673
:1048200002F09AF894F83C60022E7FF438AF294BDE
:10483000DFF8E090244800250126C4F8DC5084F815
:104840003C60C4F8E050C4F8E450C4F8E850C3F841
:10485000049584F8EC6001F0D9FF2F4B2F4AC3F880
:104860000C95C3F81085C3F814252D4AC3F8042508
:104870003046C3F8005202F06FF82548314602F086
:1048800075FB0FE7274928483A60FFF7F5FA1FE75D
:10489000CA8DA38D9A427FF43FAF8B8B4FF6FF7288
:1048A0009BB2934244D08B8BD1F81E000A4FC4F8C0
:1048B0001E009BB2A383002301228B831B4819494E
:1048C0003A60FFF7D9FA28E77C180020A7C867DD0F
:1048D0009C19002000100040E8110020281400203E
:1048E00070180020241400204C0000209C1100208F
:1048F00000E100E0E4110020F96000000801100070
:1049000000D6BE89FA000302555555002014002038
:10491000C01A00203815002000F00040EC110020E3
:1049200001000001E9450000FFFF2F00FFFF1F000D
:10493000D1F82250DFF8BC8291F826C0C4F822508A
:1049400015F0010318BFAC4A84F826C04FF00007E9
:104950005FFA85FE16BF17701A4601221EF0020F7D
:1049600088F8007005D0A44A0127D7543B44DBB235
:104970003A461EF0040F05D09F4A0227D754013350
:10498000DBB201221EF0080F05D09B4A0327D75443
:104990000133DBB201221EF0100F05D0964A042726
:1049A000D7540133DBB201221EF0200F05D0924A0A
:1049B0000527D7540133DBB201221EF0400F05D08A
:1049C0008D4A0627D7540133DBB201225FEADE1796
:1049D00005D0894A0727D7540133DBB2012215F4E9
:1049E000807FC5F3072707D0834A4FF0080E02F8EF
:1049F00003E00133DBB2012217F0020F07D07E4A39
:104A00004FF0090E02F803E00133DBB2012217F088
:104A1000040F07D0784A4FF00A0E02F803E0013382
:104A2000DBB2012217F0080F07D0734A4FF00B0ECC
:104A300002F803E00133DBB2012217F0100F07D0B8
:104A40006D4A4FF00C0E02F803E00133DBB2012295
:104A500017F0200F07D0684A4FF00D0E02F803E060
:104A60000133DBB2012217F0400F07D0624A4FF04A
:104A70000E0E02F803E00133DBB20122FF0905D07C
:104A80005D4A0F27D7540133DBB2012215F4803F72
:104A9000C5F3074707D0584A4FF0100E02F803E05D
:104AA0000133DBB2012217F0020F07D0524A4FF058
:104AB000110E02F803E00133DBB2012217F0040FFC
:104AC00007D04D4A4FF0120E02F803E00133DBB27B
:104AD000012217F0080F07D0474A4FF0130E02F8D3
:104AE00003E00133DBB2012217F0100F07D0424A76
:104AF0004FF0140E02F803E00133DBB2012217F08D
:104B0000200F07D03C4A4FF0150E02F803E00133A6
:104B1000DBB2012217F0400F07D0374A4FF0160ED4
:104B200002F803E00133DBB20122FF0905D0324A6B
:104B30001727D7540133DBB201222F0EED0105D523
:104B40002D4A1825D5540133DBB20122BD0705D506
:104B5000294A1925D5540133DBB201227D0705D539
:104B6000254A1A25D5540133DBB201223D0705D56C
:104B7000214A1B25D5540133DBB20122FD0605D5A0
:104B80001D4A1C25D5540133DBB20122BD0605D5D3
:104B9000194A1D25D5540133DBB201227D0605D506
:104BA000154A1E25D5540133DBB20122FD0905D07B
:104BB000114A1F25D5540133DBB201221CF0010F2D
:104BC00005D00D4A2025D5540133DBB201221CF05B
:104BD000020F05D0084A2125D5540133DBB201224A
:104BE0001CF0040F0AD0044A2225D5540133DBB24D
:104BF000012203E04C0000209C1100201CF0080F53
:104C000005D0374A2325D5540133DBB201221CF0ED
:104C1000100F05D0324A2425D5540133DBB20122CE
:104C20001CF0200F45D11CF0400F4CD02C4A2625FB
:104C3000D5540133DBB25FEADC1503D02725D55408
:104C40000133DBB288F80030252841D0272E09D85F
:104C500004EBD60206F0070592F822000122AA40D2
:104C6000104206D1B6FBF3F203FB12631C48DBB221
:104C7000C65C1C4F00238B834FE51B4B1B4DC3F8B9
:104C800004551B4884F8EC6001F0C0FD194B1A4A2A
:104C9000C3F80C55C3F81085C3F81425174AC3F898
:104CA0000425304601F058FEFCE40223D6E41A2322
:104CB000D4E40B4A2525D5541CF0400F03F1010321
:104CC000DBB2B4D1B7E75FEADC1504D0044AB5E73C
:104CD000242EC7D8CDE7002AB4D11346B4E700BFCD
:104CE0009C110020E8110020001000403815002021
:104CF0007C18002000F00040EC11002001000001B1
:104D000038B5224B224CC3F81C45252A4FF08E049F
:104D1000C3F8244532D0262A34D0272A34D00B2A8F
:104D2000B4BF0424062404EB4204184B42F04002B2
:104D3000C3F8084540F25B65164CC3F854250028BB
:104D4000C3F83855C3F83C451ADD4B1E124D134CC1
:104D50001844C1F1010C0CEB0302A15C05F8011B26
:104D600013F8011FA1548342F5D1084BC3F8044541
:104D7000FEF780FC0A4B02221A6038BD0224D4E7F9
:104D8000064CF2E71A24D0E75024CEE7001000408A
:104D900000D6BE89555555005817002048160020EA
:104DA00024140020014B1860704700BF54000020FD
:104DB00030B5864608449DF80C405D1C002B0EF86B
:104DC0000150447001F102002DDD0EEB000C541C6B
:104DD000ACEB0404022C27D95C1E072C24D923F049
:104DE00003051544114651F8044B4CF8044BA942F5
:104DF000F9D123F003018B4200EB010412D0555C82
:104E00000EF804504D1CAB4204F1010C0ADD0231D6
:104E1000555D0EF80C508B4204F1020402DD525C29
:104E20000EF80420184430BD013A01318E44D418E4
:104E300012F8011F0EF8011FA242F9D11844F2E73F
:104E400010B503F00F049DF80C309DF808C04170B8
:104E50009B0103F040032343002443EACC13A14207
:104E60000370847024DD00F1030C531CACEB0303CE
:104E7000022B1FD94B1E072B1CD921F0030413460C
:104E8000144453F804EB4CF804EBA342F9D18C071B
:104E900021F003030CD01844D45CC4705C1CA14204
:104EA00006DD0233145D0471994201DDD35C437168
:104EB000C81C10BD531E02305C1813F8012F00F8F7
:104EC000012FA342F9D1C81C10BD00BFF8B5254C75
:104ED000254E0225C4F8805001F086F9FEF7CAFD80
:104EE000FEF7CEFD2148FEF7BFFD002001F034FDA6
:104EF0001F4B204801210322C3F8FC1FC3F81025D3
:104F00001D4AC3F814251D4AC3F818251C4AC3F8C6
:104F10001C258E22C3F8242540F203170022C3F873
:104F20002C25C3F83015C3F834759627C3F844759B
:104F300040F25B67C3F83875C3F83C650426C3F8D4
:104F40000C654FF6FF76C3F81021C3F80C21C3F8A7
:104F500008630A26C3F8046384F80123256001600E
:104F6000F8BD00BF00E100E055555500F9600000B4
:104F700000100040E411002008011000FA000302B4
:104F800000D6BE8970B59E4C9E4B9F4894F8221067
:104F90009E4D00221A70C3F89420A3F8982017237E
:104FA000036011F00103027118BF994884F83C2096
:104FB00084F82920A2632A7016BF02701A460122C3
:104FC000880704D592480122C2541344DBB24E072D
:104FD00005D58F480222C2540133DBB201220807F3
:104FE00005D58B480322C2540133DBB20122CE0621
:104FF00005D587480422C2540133DBB2012288065A
:1050000005D583480522C2540133DBB201224E0686
:1050100005D57F480622C2540133DBB20122C909FB
:1050200005D07B480722C2540133DBB2012294F839
:105030002310C80705D576480822C2540133DBB2D5
:1050400001228E0705D572480922C2540133DBB212
:105050000122480705D56E480A22C2540133DBB24B
:1050600001220E0705D56A480B22C2540133DBB278
:105070000122C80605D566480C22C2540133DBB2B2
:1050800001228E0605D562480D22C2540133DBB2DF
:105090000122480605D55E480E22C2540133DBB218
:1050A0000122C90905D05A480F22C2540133DBB28C
:1050B000012294F82410CE0705D555481022C25479
:1050C0000133DBB20122880705D551481122C254B1
:1050D0000133DBB201224E0705D54D481222C254DE
:1050E0000133DBB20122080705D549481322C25417
:1050F0000133DBB20122CE0605D545481422C25445
:105100000133DBB20122880605D541481522C2547D
:105110000133DBB201224E0605D53D481622C254AA
:105120000133DBB20122C90905D039481722C25424
:105130000133DBB2012294F82510C80705D53448A5
:105140001822C2540133DBB201228E0705D5304844
:105150001922C2540133DBB20122480705D52C487D
:105160001A22C2540133DBB201220E0705D52848AA
:105170001B22C2540133DBB20122C80605D52448E4
:105180001C22C2540133DBB201228E0605D5204811
:105190001D22C2540133DBB20122480605D51C484A
:1051A0001E22C2540133DBB20122C90905D01848BE
:1051B0001F22C2540133DBB2012294F82610CE071D
:1051C00005D513482022C2540133DBB201228807DF
:1051D00005D50F482122C2540133DBB201224E070C
:1051E00005D50B482222C2540133DBB20122080745
:1051F00010D507482322C2540133DBB2012209E053
:105200007C180020C01A0020981000204C000020BC
:105210009C110020CE0605D543482422C2540133F8
:10522000DBB20122880665D53F482522C2544E06CE
:1052300003F10103DBB203D52622C2540133DBB2F2
:10524000CA095CD12B700023A385FEF70FFE6063B3
:10525000FEF70CFE226935491502C1F81C5594F879
:1052600029302063120E252BC1F8242555D0262B7A
:1052700055D0272B55D00B2BB4BF0422062202EBAE
:1052800043022A4D608BC5F8082540F2E24101FB3C
:1052900000F06469264943F0400340F25B62A0F5E8
:1052A0009670C5F854350001C5F838250022C5F8B8
:1052B0003C45FEF7E1FD1F491F4A204BC5F8043568
:1052C00000234B701380FEF795F9D5F800321C4C83
:1052D0001C481D4943F00203C5F80032D5F80032DE
:1052E000022243F004030126C5F800322660026062
:1052F0000A6070BD480607D4C9090BD00A482722A6
:10530000C2540133DBB29DE707482622C254013361
:10531000DBB295E7002A96D094E70222B1E71A2281
:10532000AFE75022ADE700BF9C1100200010004005
:10533000E9450000481600205817002028140020D6
:1053400024140020E8110020E41100202DE9F04F82
:10535000DFF82C828B4D98F8003098F80140002639
:10536000DBB2E7B285B063F3070602340022296896
:1053700018F8020088540132A242F8D18249834AC7
:1053800017600A6801320A60814A8249D2F8000433
:10539000086003F00F03032B30D0052B05D07E4BA4
:1053A0001B6833BB05B0BDE8F08F7C4C98F8092032
:1053B000A379E1799B1AB3FA83F398F80A205B0981
:1053C000914218BF002398F80B20217A914218BF10
:1053D000002398F80C20617A914218BF002398F8B6
:1053E0000D20A17A914230D098F80E306C4B0122FA
:1053F0001A6005B0BDE8F04FFEF7FCB868480168D8
:105400000129CCD1654C98F80910A579E779691A7A
:10541000B1FA81F198F80A504909AF4218BF00214A
:1054200098F80B50277AAF4218BF002198F80C501B
:10543000677AAF4218BF002198F80D50A77AAF42A3
:1054400000F0B68098F80E30A9E798F80E20E17ABF
:105450009142CBD1002BC9D0524B98F803201A703F
:1054600098F80320227098F804205A7098F80420C5
:10547000627098F805209A7098F80520A27098F844
:105480000620DA7098F80620E27098F807201A7162
:1054900098F80720227198F808205A7198F8083077
:1054A000637198F80F2098F81030C6F3C01121737B
:1054B00098F8111042EA032298F8123098F8130075
:1054C00042EA014242EA0362C6F380166673226131
:1054D00098F8142098F8153098F8161021761B04C7
:1054E00043EA02230343636198F8173098F81820C1
:1054F0002D4843EA022398F8192098F81A1063837C
:1055000042EA0122A28398F81B1098F81C2041EA75
:105510000221E18398F81D2098F81E1042EA01222A
:1055200098F81F10228484F8221098F8201098F818
:10553000212084F8231084F8242098F8221098F869
:10554000232084F8251084F8262098F8241098F851
:105550002420520901F01F0184F8282042F2107221
:1055600084F8271093424FF0000181833FF61AAF71
:10557000FFF708FD0D4805B0BDE8F04F02F022BD71
:105580002814002058000020181400201C140020AB
:105590000010004014140020540000207C1800204B
:1055A000E8110020741800209C1900209810002099
:1055B00098F80E50E77AAF427FF4F1AE00293FF43D
:1055C000EEAE3D49096800293FF4ECAE3B4998F83E
:1055D0000370D4F806E06489C6F380164FF0440CDB
:1055E0004CEAC61C98F8046098F8059098F806A054
:1055F00098F807B0CDF808B098F8088091F800B096
:1056000081F800C00625CDF804A091F801A04D70E6
:105610000025DFF8ACC0CDF8009091F802908D70B5
:10562000CDF80C8091F803808CF80380DFF894802B
:105630008CF800B088F80160009E88F80260019E36
:1056400088F803605FFA8EF5029ECD708CF801A099
:105650008CF8029088F8007088F80460039E88F83F
:105660000560CEF307250E798CF804600D71CEF33A
:1056700007464D794E71CEF3076E8CF80550E6B2B1
:105680008D7981F806E08CF80650CD79CE718CF8D2
:105690000750C4F307240D7A8CF808500C72C2F836
:1056A0000415D2F80012084C41F00401C2F80012AF
:1056B00002222260036075E6540000204816002094
:1056C00058170020741800202414002010B5034639
:1056D000244C052284B004F18A00DA7000F03EFE0A
:1056E000D4F85200D4F85E10D4F85620D4F86230C2
:1056F00000900291684604F1CC010192039300F0FE
:105700005DFE0023C4F8DC3094F85A00C4F8E030A1
:1057100094F86610C4F8E43094F85B20C4F8E830DC
:1057200094F8673084F8ED0084F8F11094F85C0088
:1057300084F8EE2094F8681084F8F23094F85D2034
:1057400094F8693084F8EF004FF0020C012084F8DF
:10575000F31084F83CC084F8F02084F8F43004B0EE
:1057600010BD00BF7C18002010B52F4B2F4C1979AD
:105770005A7984F83D10987984F83E20DA79197ABC
:1057800084F83F0084F8402084F841105A7A987ACF
:10579000D97A84F8422084F844101A7B597B84F823
:1057A000430042EA0122987BA4F84E20DA7B84F879
:1057B0005320197C5A7C84F8520084F85410987C49
:1057C00084F85520D97C1A7D84F8560084F8571047
:1057D000597D84F858209A7D84F8591004F15E00B0
:1057E000D97D84F85A201A7E5B7E84F85B1084F899
:1057F0005C2084F85D3000F06DFD00F047FDB4F8EA
:105800004E30A4F86600010C020E84F8681084F88B
:105810006920A4F850300BB9042010BD204601F0D7
:105820006DF9042010BD00BF281400207C18002052
:1058300038B55F4C2168002954DB082941D009297B
:1058400010D00C297BD004294ED0052900F0A78068
:10585000062940F08480574B574DD9704FF0010E08
:1058600070460EE0534B544DD97000222120187120
:105870008E465A7108469A71DA711A725A729A7281
:10588000DA7295F8382095F839C0D2004FEA8C0CBE
:105890000CF0040C02F0080242EA0C0242F003028F
:1058A0001A70464A83F801E0C2F80435444B0429D3
:1058B0004FF002021A600CBF05234FF0FF33236044
:1058C00038BD3C4B00222125D97009201D715A7129
:1058D0009A71DA711A725A729A72DA72364D5FFAE6
:1058E00080FECEE7002038BD334D324B95F85E2068
:1058F000D9701A7195F85F205A7195F860209A71E5
:1059000095F86120DA7195F862201A7295F8632093
:105910005A7295F864209A7295F86520DA7295F8B3
:1059200066201A7395F867205A7395F868209A7361
:105930004FF00D0E95F86920DA737046A1E71D4B04
:105940001D4DD970FF22082018714FF0060E5A71B4
:1059500004209A710022D8711A72704691E71529B5
:1059600011D1144B0022402504204FF0090ED970AC
:105970001D715A719A71D8711D725A720E4D9A72B8
:10598000D87270467DE70729ACD10E4A094B1278D0
:10599000D9704FF0020E084D1A71704671E7054834
:1059A000FFF794FE00289DD0024B216896E700BFC8
:1059B00050000020481600207C18002000100040F5
:1059C00024140020C41100202DE9F84FA149A24D54
:1059D00091F8383091F839200126DB00920000243C
:1059E00002F0040266F3070403F00803134324F0F3
:1059F0000C02134363F307042B68002B40DA0028E2
:105A00003CD0964AD3784FF0FF38022BC5F800807F
:105A1000DFB247D0082F40D0092F35D0032F00F038
:105A2000A7807B1F012B40F296800A2F00F0988000
:105A30000C2F00F0A380122F00F0AD80012F00F09A
:105A4000AF80002F00F0D380142F00F0EF80152FCF
:105A500000F0F180072F17D0814B824A1B68177026
:105A600007212960A3B9804B8048814AE4B2002510
:105A700002211C705D70C0F804351160BDE8F88F1C
:105A8000BDE8F84FFFF7D4BE754B1B68002BEAD07A
:105A9000FFF7CEFE0028E6DDF0E7714B09221B6818
:105AA0002A60DFE7DFF8CC91DFF8CCA1FEF75CFAE3
:105AB000CAF80060C9F8807000F096FBFDF7DAFFC5
:105AC000FDF7DEFF6D48FDF7CFFF002000F044FF3B
:105AD000664BDFF8ACE1C3F8FC6F4FF0030BC3F883
:105AE00010B56848C3F814E5DFF89CE1C3F818E581
:105AF000C3F81C058E20C3F82405002240F20310D1
:105B0000C3F82C25C3F83065C3F834059620C3F8D4
:105B100044055E49DFF848C140F25B60C3F83805D0
:105B2000C3F83C150421C3F80C154FF6FF71C3F8F8
:105B30001021C3F80C21C3F808130A21C3F8041379
:105B400089F80123C9F80070DCF80030CAF8006059
:105B5000C5F8008086E7424B06221B682A6081E771
:105B600003223F4B81F83C200B221B682A6079E717
:105B7000FFF7FAFD3A4B28601B6873E79179537978
:105B800043EA01230F2B2CD0752B24D0344B0C224D
:105B90001B682A6066E7324B13221B682A6061E7A4
:105BA0003B491579537981F823309079D37981F87D
:105BB000240081F82530107A537A927A81F82250A5
:105BC00043EA0222264B81F826004FF6FF751B6838
:105BD0008D83CA8546E7224A00210C2311602B6081
:105BE00041E71F4A01210C2311602B6050E7107917
:105BF00053799579264943EA052308764B83D3796F
:105C0000107A43EA00238B83537A907A43EA002385
:105C1000CB83D07A137B40EA0320537B927B0884AA
:105C200043EA02220E4BCA851B681BE70C4B152268
:105C30001B682A6016E713795079117A43EA00202D
:105C4000537A01F00FFB064B4FF0FF321B682A60BE
:105C500008E700BF7C180020500000202814002016
:105C600020140020C411002048160020001000401D
:105C70002414002000E100E0E4110020F96000009D
:105C80000801100000D6BE89FA00030255555500E0
:105C90009C1900202DE9F8436C4E6D4C96F8382085
:105CA00096F83930DFF8AC8101270025D2009B003F
:105CB00067F3070503F0040302F008021A4325F016
:105CC0000C031A4362F30705EBB2237000236370E1
:105CD000A370614BC3F80445604B02221A6098F828
:105CE0000130032B0FD998F8030098F8043040EAEC
:105CF000032098F8053098F8062043EA0223042B85
:105D00004DD0062B76D098F8013003F0FF02FBB996
:105D1000534F3979F1B1022363F30105FB88D8B2FF
:105D2000011DC9B2EDB225706170190AE0702171D0
:105D300004216171A2714BB1DD1DFA1D07231946C3
:105D4000013312F8010F60549D42F8D100233B71DA
:105D5000BDE8F883434E96F80080B8F1000F26D0D6
:105D6000022363F301057388D8B2021DD2B2EDB2EB
:105D7000257062701A0AE070227106226271A171A8
:105D80004BB1DD1DF21C07231946013312F8010F38
:105D900060549D42F8D100233370BDE8F883304A47
:105DA00008F1070101F06CFA86F83B70ABE7384662
:105DB00002F094F9814620B3022363F30105FB88C6
:105DC000D9B20A1DD2B2EDB2257062701A0AE17022
:105DD00022710422627184F80680002BB6D0DD1D8A
:105DE000FA1D07231946013312F8010F6054AB4224
:105DF000F8D1ABE71B4A334608F1070101F048F838
:105E000081E71249304601F0B5F80028A0D00223FE
:105E100063F301057388D9B20A1DD2B2EDB22570C1
:105E200062701A0AE17022710622627184F806908B
:105E3000002BB0D0DD1DF21C07231946013312F8E8
:105E4000010F6054AB42F8D1A5E700BF7C180020D9
:105E500048160020281400200010004024140020C0
:105E600098100020C01A0020F8B5FDF7F1FF934B01
:105E7000934A18601B68126892499B1AA3F28B22FE
:105E8000B2F5957F0AD808685A0202EB0323C0EBEB
:105E9000801200EB820003441B0A0B608A4C0A68E4
:105EA000236840F252310133B1EB122F23604FEAE5
:105EB000122030D2052B854D00F39480844C23684A
:105EC000012B00F09980FDF7D1FF95F83C30814916
:105ED000286313B14B78002B6DD17F4C48787F4AF3
:105EE00000236370C6B2D2F80004002800F0CB8013
:105EF000087895F839E0C0B2002160F30701C1F3DA
:105F0000C00CF445674617D0D2F8003223F00403E2
:105F1000C2F80032F8BD40F2ED2290426B4DCDD870
:105F2000052BCBDDAB8D642BC8D96FF09F00FEF73E
:105F300021F800232360C1E795F838E0C1F3800120
:105F400071456ED0D2F8003200F0030043F0040334
:105F5000C2F8003203288CF0010385F8387085F808
:105F600039306ED05E4A1268002A01DB002E69D0FB
:105F70000138012840F29F800121002261F30702CD
:105F800063F3820255496CF3C3020023D2B222703C
:105F90006370A370C1F80445524963780023E05C44
:105FA000627801F8010B013302329342F7DD4E4B68
:105FB00002221A60F8BD4D4BD3F80034002B49D0B3
:105FC000D5F8E4304A4A0133C5F8E430D5F8E43076
:105FD00000201060002B80D1D5F8E8300133C5F8DF
:105FE000E8307AE7AB8D642B7FF668AFA020FDF731
:105FF000C1FF0023236061E7AA8BA98B40F2E24036
:1060000092B200FB02F2A2F5487089B244F6206217
:1060100002FB01F10001374AFDF768FF032323600B
:1060200051E7D2F800022F4940F00400C2F8000204
:106030004878033011F8012BE25401338342F9D13F
:10604000AAE79EB3A0F10300B0FA80F04009FFF781
:10605000BBFCA1E795F8382095F83910244D1E4C6B
:106060002868D200890002F0080201F004010A4306
:1060700042F001022270194A637001302860A37057
:10608000C2F8044588E795F8383095F83910DB00F8
:10609000890003F0080301F004010B4343F00103FE
:1060A00023706070A070C2F8044575E70C4B1B6844
:1060B000002BC7DA70E7FFF7EDFD6DE7BC1A002093
:1060C00070180020480000206C1800207C18002068
:1060D000E81100202814002048160020001000407D
:1060E00050000020581700202414002000F0004029
:1060F00068180020E945000010B5354BD3F804219D
:106100005AB9D3F80C1109B332490968C3F80C2104
:10611000012911D0022952D010BD2E4A0021C3F806
:1061200004111268022A15D0D3F80C010028F3D00C
:10613000012AC3F80C11EFD1274C23689A0725D404
:10614000DB07E9D5BDE81040FFF700B9BDE8104016
:10615000FDF79CBC204C2268022A02BFD3F8002223
:1061600022F00402C3F80022D3F80C31002BD3D064
:10617000174B0022C3F80C212368012B21D0022BDE
:10618000CAD1134B154AC3F8042510BD104A134950
:10619000134BC2F804151B68BBB90D4B1148D3F85B
:1061A000002242F00202C3F80022D3F800220121AB
:1061B00042F00402C3F800220160216010BD064CC9
:1061C000DAE7BDE81040FFF74FBEFDF713FAE4E74A
:1061D00000100040E41100202414002028140020A6
:1061E00054000020E8110020264A82B0002301213B
:1061F000C2F80032C2F80415116001930199090236
:106200000191C2F80031D2F80031002BFBD0D2F856
:106210000815019B0B430193019B1A4900201B02A7
:106220000193C2F80001D1F80031002BFBD0D1F866
:106230000825019B13430193019B124A00201B0276
:106240000193C1F80001D2F80031002BFBD0D2F845
:106250000815019B0B430193019B0A4900201B0277
:106260000193C2F80001D1F80031002BFBD0D1F826
:106270000815019B044A0B430193019B136002B074
:10628000704700BF00D000405C0000200F4AD2F8E9
:1062900000314BB90E4B186880EA403080EA50401C
:1062A00080EA40101860704710B4094BD2F8080516
:1062B0001C68204380EA403080EA504080EA401069
:1062C0000021C2F80011186010BC704700D00040D7
:1062D0005C00002010B41F491F4AD1F800314BBBAD
:1062E00013681C4983EA433383EA534383EA431325
:1062F0004FEA132C1360037080F801C04FEA134C6F
:106300001B0E80F802C0C370D1F80031D3B91368F6
:1063100083EA433383EA534383EA43134FEA132C5C
:10632000190C136003711B0E10BC80F805C081713D
:10633000C37170471468D1F8083523430024C1F8AD
:106340000041CEE71468D1F8083523430024C1F892
:106350000041DDE700D000405C000020164B90F8C3
:1063600000C04278817800B583F800C05A70C278C6
:10637000997090F804C0DA70427983F804C081798A
:106380005A71C279997190F808C0DA71427A83F82B
:1063900008C0817A5A72C27A997290F80CE0DA7267
:1063A00090F80DC0817BC27B83F80CE083F80DC0B0
:1063B0009973DA735DF804FB5C1B002010B42F4B5B
:1063C000C27B1A74827B5A74427B9A74027BDA74A1
:1063D000C27A1A75827A5A75427A9A75027ADA7591
:1063E000C2791A7682795A7642799A760279DA7681
:1063F000C2781A7782785A7742789A77204C027856
:10640000DA7700200122C4F80435C4F800012260C4
:10641000D4F80021002AFBD093F82F200A7093F8BB
:106420002E204A7093F82D208A7093F82C20CA7081
:1064300093F82B200A7193F82A204A7193F82920A7
:106440008A7193F82820CA7193F827200A7293F86A
:1064500026204A7293F825208A7293F82420CA7263
:1064600093F823200A7393F822204A7393F821208B
:106470008A7393F82030CB7310BC70475C1B0020EC
:1064800000E0004070B58CB000259DF84460109C81
:106490000795AC4663F3070C66F30F2C0E68CDF836
:1064A00002608E888979129B8DF808101168CDF8EA
:1064B000091091889279ADF80D108DF80F20998808
:1064C0001A682368ADF800C00492CDF8163022791E
:1064D00063798DF81A208DF81B300268009BADF8A7
:1064E00006605A404468019BADF814105C40139953
:1064F000D0F808C0029BD0F80CE081488CEA030C6D
:10650000039B8EEA030E7F4BCEF307661E74CEF319
:1065100007465E74CEF307265FFA8EFE9E7483F8FC
:1065200013E0CCF3076E83F814E0CCF3074E83F846
:1065300015E0CCF3072E5FFA8CFC83F816E083F8A5
:1065400017C0C4F3076C83F818C0C4F3074C83F872
:1065500019C0C4F3072CE4B283F81AC0DC76C2F386
:1065600007641C77C2F307445C77C2F30724D2B2F6
:106570009C77DA770122C0F80435C0F80051026038
:10658000D0F80021002AFBD093F82F4093F82E205A
:106590008DF820408DF8212093F82D4093F82C2081
:1065A0008DF822408DF8232093F82B4093F82A2071
:1065B0008DF824408DF8252093F8294093F8282061
:1065C0008DF826408DF8272093F8274093F8262051
:1065D0008DF828408DF8292093F8254093F8242041
:1065E0008DF82A408DF82B2093F8234093F8222031
:1065F0008DF82C408DF82D2093F8214093F8202021
:106600008DF82F208DF82E40089C049A099D0A9E33
:106610006240059C6C40069D86EA050C079D0B9E1A
:1066200086EA050ECEF307651D74CEF307455D744B
:10663000CEF307259D745FFA8EFECCF3076583F8D1
:1066400013E01D75CCF307455D75CCF307259D75EB
:106650005FFA8CFCC4F3076583F817C01D76C4F39A
:1066600007455D76C4F30725E4B29D76DC76C2F378
:1066700007641C77C2F307445C77C2F307249C7756
:10668000D2B20024DA77C0F804350122C0F8004104
:106690001B4C0260D4F80021002AFBD093F82F2075
:1066A0000A7093F82E204A7093F82D208A7093F880
:1066B0002C20CA7093F82B200A7193F82A204A7173
:1066C00093F829208A7193F82820CA7193F827201B
:1066D0000A7293F826204A7293F825208A7293F85A
:1066E0002420CA7293F823200A7393F822204A7355
:1066F00093F821208A7393F82030CB730CB070BDCF
:1067000000E000405C1B00202DE9F04F87B03D4BBE
:10671000CD798E794F7991F804C091F803E090F823
:10672000079090F806A090F805800195029685786C
:10673000C6780397077990F800B0CDF810C0CDF86F
:1067400014E091F802C090F801E04878097883F8E5
:10675000109083F811A083F81280DF741E755D75A8
:10676000019D83F816E083F817B01D76029D5D76D3
:10677000039D9D76049DDD76234C059D1D7783F852
:106780001DC09877D97700200121C4F80435C4F8DA
:1067900000012160D4F800110029FBD093F82010EB
:1067A000117093F82110517093F82210917093F8A2
:1067B0002310D17093F82410117193F825105171A2
:1067C00093F82610917193F82710D17193F828103F
:1067D000117293F82910517293F82A10917293F85C
:1067E0002B10D17293F82C10117393F82D10517354
:1067F00093F82E10917393F82F30D37307B0BDE840
:10680000F08F00BF5C1B002000E0004090F8DBC070
:1068100090F8DA3080F8F63090F8D92090F8D83037
:1068200080F8F5C080F8F83090F8D7C090F8D630EE
:1068300080F8F72080F8FA3090F8D52090F8D4301E
:1068400080F8F9C080F8FC3090F8D3C090F8D230CE
:1068500080F8FB2080F8FE3090F8D12090F8D030FE
:1068600080F8FDC080F8003190F8CFC090F8CE30AD
:1068700080F8FF2080F8023190F8CD2090F8CC30DD
:1068800080F801C110B480F8032180F8043190F839
:10689000EC3000F1F501002B44D1D0F8DC40D0F809
:1068A000DC30D0F8DC2080F805411B0A80F8063186
:1068B000D0F8DC30D0F8E04080F80941120C1B0E13
:1068C00080F8072180F80831002390F8ECC0A0F888
:1068D0000A3180F80C3190F8ED3080F80DC180F865
:1068E0000E3190F8EEC090F8EF3080F80FC180F8CC
:1068F000103190F8F0C090F8F13080F811C180F8B4
:10690000123190F8F2C0134A90F8F33080F8143145
:1069100090F8F43080F813C180F81531C2F80815EA
:1069200010BC7047D0F8E440D0F8E430D0F8E42050
:1069300080F805411B0A80F80631D0F8E430D0F821
:10694000E84080F80941120C1B0E80F8072180F8FE
:106950000831B9E700F00040012810B41DD002282A
:106960000AD038B9144A154B4FF04071C2F80815D7
:10697000C3F8000510BC70470F4A104B4FF08074ED
:106980004FF00071C2F80445C2F808150122C3F89F
:106990000022C3F8000510BC7047084B06484FF0B2
:1069A000407400210222C0F80445C3F80012C3F865
:1069B000002510BC704700BF00F0014000F000400F
:1069C0004249434B434AC0F8921010B4C0F8963085
:1069D00001F1EE5103F19C433F4CC0F88E2001F5CC
:1069E0008C113E4AC0F88A4003F5DA333C4CC0F8BB
:1069F0009E2001F23A513B4AC0F89A4003F5B57324
:106A0000C0F8A210C0F8A6303749384BC0F8BE20F5
:106A1000374C384AC0F8C210C0F8BA40C0F8C63087
:106A2000D2F800313449002B47D10B6883EA433355
:106A300083EA534383EA43139CB2002264F30F02B8
:106A400064F31F422B4CC0F84E20D4F800212AB129
:106A5000D4F8082513430022C4F8002183EA433305
:106A600083EA534383EA43131C0A80F846401C0C14
:106A700080F847401F4A80F845301C0E80F8484097
:106A8000D2F800412CB1D2F8084523430024C2F8C3
:106A9000004183EA433383EA534383EA43131C0AE6
:106AA0001A0C0B6080F849301B0E80F84A4080F8C1
:106AB0004B2010BC80F84C3070470C68D2F8083579
:106AC00023430024C2F80041B0E700BFCD92571C19
:106AD000E1A66B30B97E4308A56A2FF4C3D4E5F66E
:106AE0007F90A1B2156CC31A71C81F76CD247BD2DA
:106AF000B91067BE00D000405C000020184A194B56
:106B0000C0F89220C0F8963002F1EE5203F19C4397
:106B100010B41549154CC0F88A4002F58C1203F5E3
:106B2000DA33134CC0F88E1002F23A521149C0F811
:106B30009A4003F5B573104CC0F89E10C0F8A2201F
:106B40000E490F4AC0F8A6300E4BC0F8BA40C0F844
:106B5000BE1010BCC0F8C220C0F8C630704700BFDD
:106B6000CD92571CE1A66B30B97E4308A56A2FF47D
:106B70007F90A1B2C3D4E5F6B91067BE156CC31AF5
:106B800071C81F76CD247BD270B50B1A8033022BCF
:106B900088B00C46164649D9D0F80130C1F8823089
:106BA000D0F80530C1F88630D0F80930C1F88A3005
:106BB000D0F80D30C1F88E30002104F152050020CC
:106BC000CDE90401CDE906012846FFF783FB04F176
:106BD0005A00FFF77FFB04A8FFF7C0FB04F1720324
:106BE000317B0393B31D0293737B04F14B02CDE918
:106BF0000061284604F14401FFF744FCD4F87220F8
:106C0000D4F87A30D4F87600D4F87E10C4F8052091
:106C100003250122C4F80D3011232571C4F80900A1
:106C2000C4F811102270638008B070BD437881F8F9
:106C30008230837881F88330C37881F88430037997
:106C400081F88530437981F88630837981F88730FF
:106C5000C37981F88830037A81F88930437A81F8E2
:106C60008A30837A81F88B30C37A81F88C30037B49
:106C700081F88D30437B81F88E30837B81F88F30B3
:106C8000C37B81F89030037C81F8913094E700BF9A
:106C900070B5831C01F16206F31A022B8CB00C460E
:106CA000154640F2C480D0F80130C1F86230D0F807
:106CB0000530C1F86630D0F80930C1F86A30D0F834
:106CC0000D30C1F86E300022002304A8CDE9042362
:106CD000CDE90623FFF742FB08AB2A7B0393AB1DEC
:106CE00002936B7B04F14401CDE90052304604F17C
:106CF0004B02FFF7C7FB94F882209DF8203094F8F0
:106D00008310D31AB3FA83F39DF821205B099142D3
:106D100018BF00239DF8221094F88420914218BFD8
:106D200000239DF8231094F88520914218BF00237A
:106D30009DF8241094F88620914218BF00239DF8F6
:106D4000251094F88720914218BF00239DF8261043
:106D500094F88820914218BF00239DF8271094F8DA
:106D60008920914218BF00239DF8281094F88A20AA
:106D7000914218BF00239DF8291094F88B2091426E
:106D800018BF00239DF82A1094F88C20914218BF58
:106D900000239DF82B1094F88D20914218BF0023FA
:106DA0009DF82C1094F88E20914218BF00239DF876
:106DB0002D1094F88F20914218BF00239DF82E10BB
:106DC00094F89020914208D040F20541012202231C
:106DD000A180227063800CB070BD94F891109DF872
:106DE0002F209142F0D1002BEED0D4F85230C4F8CD
:106DF0000530D4F85A30D4F85620C4F80D300123A9
:106E0000C4F809202370D4F85E20C4F8112011239F
:106E100004212171638005F18A02314604F1520098
:106E2000FFF772FC0F2384F89A300CB070BD4378E2
:106E300081F86230837881F86330C37881F86430F8
:106E4000037981F86530437981F86630837981F878
:106E50006730C37981F86830037A81F86930437A02
:106E600081F86A30837A81F86B30C37A81F86C30AC
:106E7000037B81F86D30437B81F86E30837B81F832
:106E80006F30C37B81F87030037C81F871301AE772
:106E900091F800C0BCF1010F084611465FFA8CF270
:106EA00007D0032A02D0042A32D070471A46FFF7CF
:106EB0006BBE10B5A1EB000C83792B4C81F89820A8
:106EC0000CF14A0C03F007034FF0100EBCF1090F50
:106ED000C1F894304C608B72A1F808E01BD90268AD
:106EE0004A64C1F84B40027981F8482081F84FE0AC
:106EF000447981F84940002281F85020827981F854
:106F00004A2081F85130012207230A704B8010BDBE
:106F10001A46FFF7BDBE047881F84440022481F888
:106F20004B40447881F84540032481F84C408478F4
:106F300081F84640002481F84D4090F803C081F864
:106F400047C081F84E20027981F8482081F84FE04F
:106F5000427981F8492081F85040827981F84A20AD
:106F600081F85130CFE700BF0203000180F899108B
:106F7000704700BF30B590F8985083B0C5B190F815
:106F800099500446A5B190F89A30A3B9D0F894303E
:106F900013F0010551D1DD042CD4980700F196803F
:106FA0009A040DD413F0040540F0B38084F898508F
:106FB000284603B030BD013B80F89A300025F7E742
:106FC000CA43224440F20910022AA08040F20B81F9
:106FD000D1F80620C4F806208A7AA272CA7AE27230
:106FE0000120082223F4005320706280C4F89430FA
:106FF0000546DDE707220271B1F84E204271B1F873
:107000004E00621A3F3A000A022AA07140F2A180A3
:10701000D1F84520C4F80720D1F84920C4F80B2046
:1070200001200B21022223F480532070618084F818
:107030009A20C4F894300546BAE743F480530622F8
:10704000C0F89430027108460191FFF7B9FC01992C
:1070500091F89930637191F89830A37191F8973055
:10706000E37191F89630237291F89530637291F83C
:107070009430A37291F89330E37291F892302373B5
:1070800091F89130637391F89030A37391F88F3039
:10709000E37391F88E30237491F88D30637491F816
:1070A0008C30A37491F88B30E37491F88A202275A8
:1070B00001232370D4F894301121032223F001031B
:1070C000618084F89A20C4F8943071E7621A43F41E
:1070D0000050963AC4F89400022A4FF0080020713C
:1070E00050D9D1F89A20C4F80520D1F89E20C4F8D0
:1070F0000920D1F8A220C4F80D20D1F8A620C4F8A8
:10710000112023F0020301201121022243F4005335
:107110008BE7621AB63A0A20022A207170D9D1F898
:10712000BA20C4F80520D1F8BE20C4F80920D1F84F
:10713000C220C4F80D20D1F8C620C4F811200120C7
:10714000112223F0040320706280C4F894300546B5
:107150002EE791F84520E27191F84620227291F8CD
:107160004720627291F84820A27291F84920E27299
:1071700091F84A20227391F84B20627391F84C20C9
:10718000A2734DE791F89A20627191F89B20A27149
:1071900091F89C20E27191F89D20227291F89E2036
:1071A000627291F89F20A27291F8A020E27291F889
:1071B000A120227391F8A220627391F8A320A273F8
:1071C00091F8A420E27391F8A520227491F8A620EA
:1071D000627491F8A720A27491F8A820E27491F843
:1071E000A92022758DE78A79A271CA79E2710A7A9B
:1071F00022724A7A62728A7AA272CA7AE272EFE6DE
:1072000091F8BA20627191F8BB20A27191F8BC206C
:10721000E27191F8BD20227291F8BE20627291F85D
:10722000BF20A27291F8C020E27291F8C1202273AF
:1072300091F8C220627391F8C320A27391F8C42020
:10724000E27391F8C520227491F8C620627491F817
:10725000C720A27491F8C820E27491F8C920227561
:107260006DE700BF2428054B02DC25221A70704709
:107270006028C6BF60221A70187070476000002036
:107280002DE9F04F0B78022B924600F07C81DAB2A8
:10729000042A76D0102A40F0BF8191F801E08B7863
:1072A000CF784EEA032E0B79704647EA0327B8429F
:1072B0000FFA8EFE00F29581002800F092814B7942
:1072C0008A7943EA0223B3F5205F4FF011028AF86E
:1072D000082040F07481CB4BD3F800C0BCF1000F04
:1072E00040F36E85C84B00224FF0FF394FF0010884
:1072F0004FF0060B07E0B9F1010F40F0BC840132FA
:10730000624500F0728453F8044BE1888142F6D361
:10731000B942F4D86489002CEDD0B9F1020FEED057
:10732000BAF8005008F10504AC4280F25E84B9F16D
:10733000FF3F00F0908408F104050AEB080655446D
:10734000317253F8041CC988090A717253F8041C7D
:107350000989B17253F8041C0989090AF17253F8BA
:10736000041C4989297253F8041C49895444090AA8
:10737000217253F8041C498908F106080029BED17E
:10738000B9E74F788B78CD7847EA03273BB29B4625
:107390000B7945EA0325AF42384600F21281002FEF
:1073A00000F00F81974B1C680523002C8AF80830E9
:1073B00040F395804FF0010E934B00224FF00209ED
:1073C00076462F468C461BE0BAF80080414580F295
:1073D00081802E728E4653F8041CC988697253F856
:1073E000041CC988090AA97253F8041C4989E97266
:1073F00053F8041C4989090A29730132A24269D051
:1074000053F8045BE9888142F7D3B942F5D8B5F85F
:107410000A800EF105010AEB0E05B8F1000FD3D179
:10742000BAF800500EF11208A8450AEB0E0151DA25
:1074300081F8089053F8045CED884D7253F8045CB1
:10744000ED882D0A8D7253F8045C2D7BCD7253F8B4
:10745000045C6D7B0D7353F8045CAD7B4D7353F886
:10746000045CED7B8D7353F8045C2D7CCD7353F875
:10747000045C6D7C0D7453F8045CAD7C4D7453F862
:10748000045CED7C8D7453F8045C2D7DCD7453F851
:10749000045C6D7D0D7553F8045CAD7D4D7553F83E
:1074A000045CED7D8D7553F8045C2D7ECD7553F82D
:1074B000045C6D7E0D7653F8045CAD7E4D7653F81A
:1074C000041CD0440132C97E88F80810A2420EF193
:1074D000130E95D1BEF1020F614600F392810A238B
:1074E00001208AF80C30052240F20143AAF80AB0C4
:1074F0008AF80400AAF80620AAF808304B788A789F
:10750000CD7843EA02230A7945EA0225AB421C46BC
:107510000FFA83F800F2E780002B00F0E4800523E7
:107520008AF80830394BD3F800E0BEF1000F1ADDBD
:10753000DFF8DCC000275CF8046BF06800280FDD82
:1075400006F12E0303EB4000002133F8022FA24284
:1075500002D3AA4240F23B81984201F10101F4D1E9
:107560000137BE45E7D10A23012105228AF80C30F4
:1075700040F20143AAF80A808AF80410AAF806200B
:10758000AAF808301BE04B788A7843EA0223162BCE
:1075900040F2B8801F4909788AF809108B424FF0F1
:1075A000030228BF0B46002001218AF808208AF830
:1075B0000A008AF80410AAF80620AAF80230BDE8EA
:1075C000F08F0123052140F20142AAF80AB08AF89F
:1075D0000C308AF80430AAF80610AAF80820BDE892
:1075E000F08F0123052141F20102AAF80AE08AF88E
:1075F0000C308AF80430AAF80610AAF80820BDE872
:10760000F08F00BFD01C00208C1C0020CC1C002060
:107610008C1B002060000020082A40F0F8804B7886
:107620008A78CC7843EA02230A7944EA0224A34206
:107630001EB276D8002B74D091F805C08A79102834
:107640004CEA022C00F39B8009228AF8082042F6BB
:107650000202944500F0838042F603029445754A85
:1076600000F09E801568002D79DD1028724F4FF0D4
:10767000000165DC57F8042B1089834201F10101F8
:1076800000F2A1808442C0F09E80B2F87000002811
:1076900000F09980844540F09680D2F8883002331B
:1076A0008AF8093013898AF80A3013891B0A8AF884
:1076B0000B30D2F88830002B40F37C840AF10B01A8
:1076C0000023D0185C1D90F88C0001F8010FD2F84F
:1076D000880001339842F4DCA4B201238AF8043014
:1076E000AAF806406BE70122052140F20143AAF8FF
:1076F0000A808AF80C208AF80420AAF80610AAF852
:1077000008305CE740F20120042101220523CAF879
:1077100008008AF80C108AF80420AAF80630BDE8A0
:10772000F08F0123052140F60102AAF80A608AF8C9
:107730000C308AF80430AAF80610AAF808203EE7B0
:1077400057F8042B1089984201F1010105D3A0429A
:1077500003D8B2F8700000289FD08D42F0D10A23E0
:10776000012105228AF80C3040F60103AAF80A60CC
:107770008AF80410AAF80620AAF808301FE74A7908
:107780008A79CA790A7A4A7A8A7ACA7A0A7B4A7BD9
:107790008A7BCA7B0A7C4A7C8A7CCA7C0A7D53E746
:1077A0001768002FDBDDDFF890C00022604650F83C
:1077B000045BE988994202D3A14240F2418301323D
:1077C000BA42F4D1CBE78D427FF454AFC7E706EB62
:1077D000410101228AF809200B8E8AF80A300B8EAB
:1077E0001B0A8AF80B300B8A8AF80C300B8A8AF84D
:1077F000042006201B0A8AF80D30AAF80600BDE80E
:10780000F08F01238AF80430AAF806E0D7E6042AAC
:107810003FF474AE0A2A40F099804A788B7842EAA5
:107820000322044B1E68002E17B240F32581024D3F
:10783000002069E0CC1C00208C1B002001295FD0B7
:107840005C8E944200F0B781022959D09C8E9442FC
:1078500000F0B381032953D0DC8E944200F0AF8155
:1078600004294DD01C8F944200F0BB81052947D0DC
:107870005C8F944200F0C381062941D09C8F9442D2
:1078800000F0C18107293BD0DC8F944200F0E181F8
:10789000082935D0B3F84040944200F05F820929AE
:1078A0002ED0B3F84240944200F05E820A2927D0DD
:1078B000B3F84440944200F05D820B2920D0B3F825
:1078C0004640944200F08D820C2919D0B3F848400C
:1078D000944200F08E820D2912D0B3F84A409442AF
:1078E00000F08B820E290BD0B3F84C40944200F08C
:1078F000E2820F2904D0B3F84E10914200F0DF82EB
:107900000130B04200F0B88055F8043B198991422B
:1079100000F08281D9680029F2DD1C8E94428DD15D
:10792000002203EB42030B228AF80820B3F8502010
:107930008AF80920B3F850301B0A03228AF80A306B
:1079400001238AF80430AAF8062038E6122A40F00B
:10795000A3804A788B7842EA0322AD4BD3F800C06B
:10796000BCF1000F0FFA82FE40F32B81A94E0025D7
:1079700065E0012C5FD05F8E974200F03481022CCD
:1079800059D09F8E974200F03C81032C53D0DF8E5C
:10799000974200F03A81042C4DD01F8F974200F09F
:1079A000DB81052C47D05F8F974200F0DB81062CEE
:1079B00041D09F8F974200F0DB81072C3BD0DF8FB7
:1079C000974200F0DB81082C35D0B3F84070974225
:1079D00000F00B82092C2ED0B3F84270974200F0D1
:1079E0000A820A2C27D0B3F84470974200F009822B
:1079F0000B2C20D0B3F84670974200F05E820C2C1E
:107A000019D0B3F84870974200F05D820D2C12D067
:107A1000B3F84A70974200F05C820E2C0BD0B3F89A
:107A20004C70974200F053820F2C04D0B3F84E40B4
:107A3000944200F054820135654500F0C28056F84A
:107A4000043B1C89944200F09B81DC68002CF2DD31
:107A50001F8E97428DD1002213208AF80800C87823
:107A60000979283240EA012123F8121001238AF80B
:107A70000430AAF80630A2E50A23012105228AF87B
:107A80000C3040F60123AAF80A708AF80410AAF80C
:107A90000620AAF8083092E5522A7FF490AD00251E
:107AA0008AF80450AAF806504C788B7844EA0324EC
:107AB000574BD3F800C0AC457FF781AD554E65E01C
:107AC000012A5FD05F8EA74200F04A81022A59D076
:107AD0009F8EA74200F04A81032A53D0DF8EA7422F
:107AE00000F04A81042A4DD01F8FA74200F07B810D
:107AF000052A47D05F8FA74200F07981062A41D03E
:107B00009F8FA74200F07B81072A3BD0DF8FA742DF
:107B100000F0CF81082A35D0B3F84070A74200F0BA
:107B2000D081092A2ED0B3F84270A74200F0CD814F
:107B30000A2A27D0B3F84470A74200F0CC810B2A60
:107B400020D0B3F84670A74200F0C7810C2A19D0A4
:107B5000B3F84870A74200F0CB810D2A12D0B3F8D9
:107B60004A70A74200F0C2810E2A0BD0B3F84C70C5
:107B7000A74200F022820F2A04D0B3F84E20A2427E
:107B800000F01D82013565453FF419AD56F8043B00
:107B90001A89A24200F03781DA68002AF2DD1F8ECE
:107BA000A7428DD10022C8780979283240EA012104
:107BB00023F8121003E50122B3E60222B1E6032204
:107BC000AFE60A23012105228AF80C3041F2012395
:107BD000AAF80AE08AF80410AAF80620AAF80830E1
:107BE000EDE404229DE6012236E7B8F1050F40F3EB
:107BF000E78001238AF80430AAF80680DFE4052232
:107C00008FE6022228E706228BE6032224E700BF44
:107C1000CC1C00208C1B00200B228AF80820D3F8F3
:107C20008820002AD8BF01220FDD0AF108000022B7
:107C300011465C18013294F88C4000F8014FD3F8DB
:107C40008840A242F4DB8A1C92B2012183F85211CF
:107C500076E6072265E60AEB0801254681F808B0BA
:107C600053F8041C08F10604C98808F101084FF014
:107C70000109FFF762BBBAF8001008F113058D4245
:107C8000B3DAB9F1FF3F40F02C810AEB08014FF065
:107C900014040C7208F1140608F101044FF00209F3
:107CA00053F8041CB1F806800AEB0401554481F82E
:107CB000088004F1140853F8044CE488240A4C7238
:107CC00053F8044C24898C7253F8044C2489240AF8
:107CD000CC7253F8044C247B0C7353F8044C647B33
:107CE0004C7353F8044CA47B8C7353F8044CE47B22
:107CF000CC7353F8044C247C0C7453F8044C647C0F
:107D00004C7453F8044CA47C8C7453F8044CE47CFD
:107D1000CC7453F8044C247D0C7553F8044C647DEA
:107D20004C7553F8044CA47D8C7553F8044CE47DD9
:107D3000CC7553F8044C247E0C7653F8044C647EC6
:107D40004C7653F8041C897E297253F8041C56445F
:107D5000C97E3172FFF7D3BA04227DE60822E0E53E
:107D6000012220E7052277E60922DAE502221AE756
:107D7000062271E60A22D4E5032214E707226BE605
:107D8000C51E182D4FF01302A8BF182503288AF826
:107D900008200DDD00220331885C9C18C0B284F8F5
:107DA0008C00885C0132C0B2954284F8F000F3DCAC
:107DB0000122C3F88850C3F8EC5083F8512155E6EE
:107DC0000A23012105228AF80C3041F20103AAF8A6
:107DD0000AE08AF80410AAF80620AAF80830FFF78B
:107DE000EEBB0B229DE50422DDE6082234E60522E7
:107DF000D9E60C2295E509222EE60D2291E5062210
:107E0000D1E60A2228E6C51E182DA8BF182503288A
:107E10000DDD00220331885C9C18C0B284F88C0010
:107E2000885C0132C0B2954284F8F000F3DC012294
:107E3000C3F88850C3F8EC5083F85121FFF7BFBB5B
:107E4000B5F87030002B14BF072315238AF80930CA
:107E50005CF82230DB888AF80A305CF82230DB8854
:107E60001B0A8AF80B305CF822301B798AF80C3038
:107E70005CF822301B898AF80D305CF822301B89AF
:107E80001B0A8AF80E305CF82230B3F8701089B300
:107E90008AF80F105CF82230B3F870301B0A092101
:107EA0008AF8103001238AF80430AAF80610FFF788
:107EB00086BB072277E60E2233E50B22CCE50F22A4
:107EC0002FE508226FE60C22C6E509226BE60E229A
:107ED000C2E50D22C0E50A2265E60B2263E60F2209
:107EE000BAE52E46444608F11205D9E60D225AE6B7
:107EF0000C2258E693F872308AF80F305CF8223082
:107F000093F873308AF810305CF8223093F87430AC
:107F10008AF811305CF8223093F875308AF8123004
:107F20005CF8223093F876308AF813305CF822300F
:107F300093F877308AF814305CF8223093F8783070
:107F40008AF815305CF8223093F879308AF81630C8
:107F50005CF8223093F87A308AF817305CF82230D7
:107F600093F87B308AF818305CF8223093F87C3034
:107F70008AF819305CF8223093F87D308AF81A308C
:107F80005CF8223093F87E308AF81B305CF822309F
:107F900093F87F308AF81C305CF8223093F88030F8
:107FA0008AF81D305CF8223093F881308AF81E3050
:107FB000172177E70424FFF790BB0E22F3E50F2289
:107FC000F1E500BF434B1B68002B40F38180424921
:107FD00010B542F6021001EB830C4FF0000E01E0E9
:107FE000614574D051F8043BDA68002AF8DD1C8A38
:107FF000844208BFA3F850E0012AF1D05C8A844291
:1080000008BFA3F852E0022AEAD09C8A844208BF43
:10801000A3F854E0032AE3D0DC8A844208BFA3F823
:1080200056E0042ADCD01C8B844208BFA3F858E039
:10803000052AD5D05C8B844208BFA3F85AE0062AF3
:10804000CED09C8B844208BFA3F85CE0072AC7D03F
:10805000DC8B844208BFA3F85EE0082AC0D01C8CE9
:10806000844208BFA3F860E0092AB9D05C8C84423E
:1080700008BFA3F862E00A2AB2D09C8C844208BFF1
:10808000A3F864E00B2AABD0DC8C844208BFA3F8D1
:1080900066E00C2AA4D01C8D844208BFA3F868E0D7
:1080A0000D2A9DD05C8D844208BFA3F86AE00E2A99
:1080B00096D09C8D844208BFA3F86CE00F2A8FD025
:1080C000DA8D824208BFA3F86EE061458AD110BD07
:1080D000704700BFCC1C00208C1B002030B41D4B0F
:1080E0001D68002D31DD1C4C002201E0AA422CD07D
:1080F00054F8043B93F8501101320029F6D01B22AA
:1081000002721A8942721A89120A8272D3F888207E
:10811000002A1DDD00F10A0400229D18114695F881
:108120008C5004F8015FD3F888500132AA42F4DB86
:10813000043189B24FF0010C002280F804C0C180E4
:1081400083F85021604630BC7047002030BC704737
:108150000321EFE7CC1C00208C1B00200649074AB6
:10816000074B9B1A03DD043BC858D050FBDC00F0E2
:1081700013F8F8F78DF8000008A1000000000020B7
:10818000D4000020FEE7FEE7FEE7FEE7FEE7FEE79D
:10819000FEE7FEE7FEE7FEE74FF080534FF0804139
:1081A000D3F844020022C0F34230C1F83C05C1F8C4
:1081B0000C21C1F81021C1F83825464AD3F804042F
:1081C000C2F82005D3F80804C2F82405D3F80C043B
:1081D000C2F82805D3F81004C2F82C05D3F814040B
:1081E000C2F83005D3F81804C2F83405D3F81C04DB
:1081F000C2F84005D3F82004C2F84405D3F824049B
:10820000C2F84805D3F82804C2F84C05D3F82C046A
:10821000C2F85005D3F83004C2F85405D3F834043A
:10822000C2F86005D3F83804C2F86405D3F83C04FA
:10823000C2F86805D3F84004C2F86C05D3F844349A
:10824000C2F87035D1F80034DB0744BF6FF001038A
:10825000C1F800344FF01023D3F80022002A07DBC6
:10826000D3F80432002B03DB1B4B1C4A1A60704707
:108270001B4A0123C2F80435D2F80034002BFBD08E
:108280004FF010231521164AC3F80012D2F800341B
:10829000002BFBD04FF010231521114AC3F8041214
:1082A000D2F80034002BFBD000230D49C2F804356E
:1082B000D1F80034002BFBD0BFF34F8F09490A4B94
:1082C000CA6802F4E0621343CB60BFF34F8F00BF74
:1082D000FDE700BF00C00040640000200090D00314
:1082E00000E0014000ED00E00400FA050023014633
:1082F0001A46184600F0DCB808B5074B044613B11F
:10830000002100F02BF9054B1868836A03B19847E8
:10831000204600F0E1FF00BF5D850000BCA000002A
:1083200038B5084B084D5B1B9C1007D0043B1D441F
:10833000013C55F804399847002CF9D1BDE8384084
:1083400001F0B2BED4000020D000002070B50D4E68
:108350000D4D761BB61006D0002455F8043B0134B1
:108360009847A642F9D1094E094D761B01F096FEB9
:10837000B61006D0002455F8043B01349847A642B5
:10838000F9D170BDCC000020CC000020D00000202E
:10839000CC000020830730B548D0541E002A3FD0BF
:1083A000CAB2034601E0013C3AD303F8012B9D0712
:1083B000F9D1032C2DD9CDB245EA05250F2C45EA7C
:1083C000054536D9A4F1100222F00F0C03F1200E5E
:1083D000E6444FEA121C03F1100242E9045542E957
:1083E000025510327245F8D10CF1010214F00C0F55
:1083F00003EB021204F00F0C13D0ACF1040323F0D2
:1084000003030433134442F8045B9342FBD10CF0A2
:1084100003042CB1CAB21C4403F8012B9C42FBD1CB
:1084200030BD64461346002CF4D1F9E703461446E8
:10843000BFE71A46A446E0E70CB410B59CB01EABEB
:108440006FF00044CDE906140291084953F8042B5B
:10845000059102A90193049400F0BEF9029B002249
:108460001A701CB0BDE8104002B070470802FFFF50
:108470000EB410B59DB06FF000411FABCDE9060101
:108480000491094953F8042B0290084C08680193A1
:1084900002A9059400F0A0F9029B00221A701DB0F9
:1084A000BDE8104003B07047680000200802FFFFDD
:1084B000F0B5264C256883B006460F4605B36C68B8
:1084C0001F2C3FDCA6B1D5F8880048B3D0F80011C6
:1084D00040F824204FF0010C0CFA04FC00EB84025D
:1084E0004CEA0101022EC0F80011C2F8803010D011
:1084F000A31C01346C6045F82370002003B0F0BD6C
:108500001349144D25600029D9D00968C5F8881091
:10851000D5E7D0F8043143EA0C03C0F80431E7E7AB
:108520000D49CDE9002369B14FF48470AFF30080A9
:1085300040B10021C0E94011DDE900236C68C5F8B5
:108540008800C5E74FF0FF30D8E700BF601D00206E
:1085500000000000D41C0020000000002DE9F04FB6
:10856000DFF8B4A083B0DAF800700190D7B1894683
:108570007D68D7F888806C1E14D407EB8506043616
:1085800008EB8505B9F1000F0FD0B8F1000F02D04C
:10859000EB6F4B4509D0013C631CA5F10405A6F126
:1085A0000406EFD103B0BDE8F08F7B683268013B71
:1085B000A34216BF00237C603360002AEBD0D7F8BB
:1085C00004B0B8F1000F19D0D8F80001012303FA64
:1085D00004F1014212D0D8F80401014217D155F834
:1085E000041C019890477A685A450BD1DAF800309C
:1085F000BB42D0D01F46002FBAD1D3E790477A684C
:108600005A45F3D0DAF80070002FB1D1CAE755F817
:10861000040C9047E7E700BF601D00202DE9F047FC
:108620008F689F420C461D46164638D88246888978
:1086300010F4906F0ED108683D462A46314600F08E
:10864000C1FCA2682368D21B2B44A26023600020D7
:10865000BDE8F0874B69096903EB4308236808EB21
:10866000D878A3EB01096B1C4FEA68084B444345DB
:10867000424684BF98464246430513D511465046AC
:1086800000F07AFD074608B321694A4600F000FC75
:10869000A38923F4906343F08003A38107E0086873
:1086A0001F46CAE7504600F0C1FD074650B107EB30
:1086B0000900A8EB09032761C4F81480A3602060B7
:1086C0002F46BAE72169504600F0F8FC0C23CAF89F
:1086D0000030A38943F040034FF0FF30A381B7E798
:1086E0002DE9F04F936883B09146002B6DD0176849
:1086F0008D6880460C460868083743E0A38913F468
:10870000906F2ED0D4E90415A0EB010A05EB4505C6
:1087100005EBD5750AEB06006D100130A8422A461C
:1087200084BF05462A465B0536D51146404600F013
:1087300023FD00283AD052462169019000F0A8FBA1
:10874000A289019B22F4906242F08002A281A5EBF3
:108750000A0203EB0A006561A260236120603546CE
:10876000B2465946524600F02DFCD9F80830A168AF
:1087700020684D1B50449E1BA5602060C9F808600E
:108780001EB3083757E902B6002EFAD0B542AA4602
:10879000B4D93546B246E4E7404600F047FD03460B
:1087A0000028D4D12169404600F088FC0C23C8F889
:1087B0000030A389002243F040034FF0FF30A38133
:1087C000C9E9012203B0BDE8F08F0020C9F8040018
:1087D00003B0BDE8F08F00BF2DE9F04F1C468B8938
:1087E0001D069DB088468146924603D50B69002B35
:1087F00000F0EF800023099320238DF829303023E7
:108800008DF82A309AF800307B4D03940126002B16
:1088100072D0544603E014F8013F002B76D0252B8C
:10882000F9D1B4EB0A0B74D12278002A64D000236A
:108830004FF0FF32CDE90523049307938DF85330B1
:108840001A93013404E0049A06FA03F313430493E1
:10885000A246052214F8011B284600F0C9FA431B62
:108860000028F0D1049BD80644BF20228DF8532065
:1088700019079AF8001044BF2B228DF853202A299B
:1088800054D1039A11680432002903927CDB0791CA
:108890009AF801100AF1010A2E2959D0574C0322E7
:1088A000204600F0A5FA40B1049B001B402404FAC6
:1088B00000F0034304930AF1010A1AF8011B50481F
:1088C0008DF82810062200F093FA002862D04D4B54
:1088D000002B52D003AA00924B4B424604A94846B3
:1088E000AFF3008007467A1C06D0099B3B440993EE
:1088F0009AF80030002B8CD1B8F80C305B0654BFCE
:1089000009984FF0FF301DB0BDE8F08FB4EB0A0BB3
:10891000F2D05B46524641464846FFF77FFE0130A3
:10892000EAD0099B22785B4409937EE7A1F13002EB
:10893000092AB1D8079B1AF8011F03EB830302EB46
:108940004303A1F13002092AF5D92E290793A5D1B5
:108950009AF801102A2927D1039B9AF802101A6865
:1089600005920433002A0AF102000393B8BF4FF0C6
:10897000FF338246B8BF059390E7039B073323F08C
:10898000070308330393B0E7494243F0020307911A
:1089900004937DE703AA00921B4B424604A9484674
:1089A00000F0CAF807469EE7A1F130020023092A29
:1089B00005930AF1010A3FF671AF1AF8011F03EBA4
:1089C000830302EB4303A1F13002092AF5D9059391
:1089D00064E7402100F0D0FBC8F80000C8F81000A0
:1089E00018B14023C8F8143004E70C23C9F800304C
:1089F0004FF0FF3087E700BFC0A00000C8A0000014
:108A0000CCA00000000000001D8600002DE9F0470A
:108A100091461E460A698B68DDF820809A42B8BFED
:108A20001A46C9F8002091F843300C46054613B1A8
:108A30000132C9F80020226891065DD5D9F80030CE
:108A40000233C9F80030226812F0060F11461ED119
:108A5000E168CB1A002BD8BF114618DD04F1190AC2
:108A6000002706E0D9F80030E268A2EB030CBC4511
:108A70000CDD0123524631462846C047013007F13C
:108A80000107EFD14FF0FF30BDE8F087216894F87F
:108A90004330003B18BF01238A060AD5E1185A1C4F
:108AA000302081F84300224494F8451082F84310A6
:108AB000023304F1430231462846C0470130E1D079
:108AC000236803F00603042B1DD0A3682269934298
:108AD00025DD00279B1A1F4404F11A09002401E038
:108AE000BC421CDA01234A4631462846C0470130C1
:108AF00004F10104F4D1C5E712F0060F12D0003BD7
:108B000018BF0123D5E7D9F80030E1682269C91AF6
:108B1000A368934221EAE177DCDC0029DCDC002059
:108B2000BDE8F087E168D9F80030CB1A002BD8BF38
:108B3000114693DCABE700BF2DE9F043174685B043
:108B40000A7E0C9D0C460646984601F1430C002A0D
:108B500033D0A2F15803D9B2202967D8202B65D889
:108B6000DFE813F0DE006400640064006400640069
:108B700064006400640064006400A3006E0064008C
:108B80006400640064006E006400640064006400BB
:108B900021007F00C00064006400AE0064007F001C
:108BA00064006400E50023681A0640F104812B6824
:108BB0006269191D29601B681A600023E146236160
:108BC000CDF800803B4603AA21463046FFF71EFF42
:108BD000013020D023694A4639463046C04701302B
:108BE00019D02368E06803999B0719D5431A002B15
:108BF00016DD04F11909002504E0E0680399431A21
:108C0000AB420DDD01234A4639463046C0470130AC
:108C100005F10105F1D14FF0FF3005B0BDE8F0835B
:108C20008842B8BF084605B0BDE8F083012384F848
:108C30004220236104F14209002384F84330BFE756
:108C40002368190602D45A0600F1C18029680A680F
:108C5000043129601146002A6BDBDFF884E10A2524
:108C600010E02368180640F19C802B68191D2960CC
:108C70001968DFF86CE16F2A0CBF08250A2500236C
:108C800084F843306268A260002A7FDB236823F007
:108C90000403236000295BD1002A79D1E146082D25
:108CA00065D0ACEB090323618AE72B6801221968C0
:108CB00004332B6004F1420984F842102261BBE7BF
:108CC0002B686268191D2960D3F80090002148467E
:108CD00000F08EF8002800F08180A0EB09006060B1
:108CE0002061A9E7236843F0200323607822DFF89E
:108CF000F4E084F845202A68111D2960190643D440
:108D00005D0641D51188D80744BF43F02003236096
:108D1000002944D1236823F0200323601025AEE707
:108D2000582384F84530DFF8B8E02368E3E7236888
:108D3000DCE76268A2602D20002AC1F1000184F8FE
:108D4000430002DB23F004032360DFF894E00A25EC
:108D5000E146B1FBF5F305FB13100A46AA421EF8E3
:108D6000001009F8011D1946F3D2082D99D1236886
:108D7000D90796D5626823699A4292DC302309F8B4
:108D8000013C09F1FF398CE71168BCE70029DFD10C
:108D90009EF8003084F8423004F142097FE7102544
:108DA0006DE713F0400F2B6803F1040129600CBF3D
:108DB000196819885DE713F0400F2B68626903F1A9
:108DC000040129601B6814BF1A801A60F5E62A683E
:108DD000B2F9001004322A600A463CE760687FE777
:108DE000D4A00000E8A00000000000000000000087
:108DF00001F0FF01102A2BDB10F0070F08D010F84C
:108E0000013B013A8B422DD010F0070F42B3F6D14F
:108E1000F0B441EA012141EA014122F007047FF068
:108E200000070023F0E80256083C85EA010586EABF
:108E3000010685FA47F5A3FA87F586FA47F6A5FAFB
:108E400087F68EB9EED1F0BC01F0FF0102F0070207
:108E500032B110F8013B013A83EA010313B1F8D1B2
:108E60000020704701387047002D06BF3546033893
:108E7000073815F0010F07D1013015F4807F02BFCC
:108E8000013015F4C03F0130F0BC0138704700BF1D
:108E9000844641EA000313F003036DD1403A41D305
:108EA00051F8043B40F8043B51F8043B40F8043BC4
:108EB00051F8043B40F8043B51F8043B40F8043BB4
:108EC00051F8043B40F8043B51F8043B40F8043BA4
:108ED00051F8043B40F8043B51F8043B40F8043B94
:108EE00051F8043B40F8043B51F8043B40F8043B84
:108EF00051F8043B40F8043B51F8043B40F8043B74
:108F000051F8043B40F8043B51F8043B40F8043B63
:108F100051F8043B40F8043B51F8043B40F8043B53
:108F2000403ABDD2303211D351F8043B40F8043BF3
:108F300051F8043B40F8043B51F8043B40F8043B33
:108F400051F8043B40F8043B103AEDD20C3205D303
:108F500051F8043B40F8043B043AF9D2043208D0FB
:108F6000D2071CBF11F8013B00F8013B01D30B886D
:108F700003806046704700BF082A13D38B078DD04B
:108F800010F003038AD0C3F10403D21ADB071CBF1D
:108F900011F8013B00F8013B80D331F8023B20F887
:108FA000023B7BE7043AD9D3013A11F8013B00F8C0
:108FB000013BF9D20B7803704B7843708B78837048
:108FC0006046704788420DD98B1883420AD900EB5E
:108FD000020CBAB1624613F801CD02F801CD9942F4
:108FE000F9D170470F2A0ED8034602F1FF3C4AB16F
:108FF0000CF1010C013B8C4411F8012B03F8012FFB
:109000006145F9D1704740EA01039B0750D1A2F1B5
:10901000100370B501F1200C23F00F0501F1100EC3
:1090200000F11004AC441B095EF8105C44F8105CBD
:109030005EF80C5C44F80C5C5EF8085C44F8085C74
:109040005EF8045C44F8045C0EF1100EE64504F191
:109050001004E9D1013312F00C0F01EB031102F0FF
:109060000F0400EB031327D0043C24F003064FEA5F
:10907000940C1E441C1F8E465EF8045B44F8045F8B
:10908000B442F9D10CF1010402F0030203EB8403B2
:1090900001EB840102F1FF3C4AB10CF1010C013BF0
:1090A0008C4411F8012B03F8012F6145F9D170BDF3
:1090B00002F1FF3C03469BE72246EBE7002951D033
:1090C00038B551F8043C0C1F002BB8BFE418054616
:1090D00000F0E6F8274A13682BB1A3420CD92168A7
:1090E000601883422CD0636028461460BDE8384085
:1090F00000F0D8B8A3420FD81A465B68002BF9D10C
:1091000011685018844217D02DD3636054602846EC
:10911000BDE8384000F0C6B811685018A04215D01C
:1091200021D8216860188342EFD118685B68014438
:10913000C4E900135460EAE7236819441160E6E7C4
:1091400018685B680144C4E90013CDE72068014456
:10915000501883421160DAD1D3E900030144C2E917
:109160000013D4E770470C232B602846BDE8384035
:1091700000F098B8641D0020F8B5CD1C25F003055B
:1091800008350C2D38BF0C25002D064623DBA942DF
:1091900021D8254F00F084F83A6822B3144603E042
:1091A00063682246FBB11C4623685B1BF8D40B2B7B
:1091B00015D8636894420CBF3B605360304600F0A2
:1091C00071F804F10B00231D20F00700C21A01D032
:1091D0001B1AA350F8BD0C2333600020F8BD236098
:1091E0001C442560EAE77968C9B12946304600F099
:1091F00045F8431C0CD0C41C24F00304A04205D045
:10920000211A304600F03AF8013001D02560D5E748
:109210000C233046336000F045F80020F8BD30469E
:1092200000F02CF87860E0E7641D0020F8B51446E3
:10923000F9B1CAB106460D4600F036F8A04202D395
:109240002F463846F8BD21463046FFF795FF0746C2
:109250000028F6D022462946FFF71AFE3046294656
:10926000FFF72CFF3846F8BD2746FFF727FF3846A3
:10927000F8BDBDE8F8401146FFF77EBF38B5074D91
:109280000022044608462A6000F018F8431C00D06B
:1092900038BD2B68002BFBD0236038BD6C1D00202F
:1092A000704700BF704700BF51F8040C0028A0F1C0
:1092B0000400BCBF0B58C018704700BF044A0549E2
:1092C0001368002B08BF0B461844106018467047FF
:1092D000701D0020781D0020FEE700BF70B54FF024
:1092E000FF0C4CF4E06C1CEA11541DBF1CEA135532
:1092F00094EA0C0F95EA0C0F00F0DEF82C4481EA9A
:10930000030621EA4C5123EA4C5350EA013518BFB9
:1093100052EA033541F4801143F4801338D0A0FBA6
:1093200002CE4FF00005E1FB02E506F00042E0FB53
:1093300003E54FF00006E1FB03569CF0000F18BF59
:109340004EF0010EA4F1FF04B6F5007F64F5407401
:1093500004D25FEA4E0E6D4146EB060642EAC62194
:1093600041EA55514FEAC52040EA5E504FEACE2E01
:10937000B4F1FD0C88BFBCF5E06F1ED8BEF1004F04
:1093800008BF5FEA500E50F1000041EB045170BD80
:1093900006F0004646EA010140EA020081EA0301C4
:1093A000B4EB5C04C2BFD4EB0C0541EA045170BDC0
:1093B00041F480114FF0000E013C00F3AB8014F13A
:1093C000360FDEBF002001F0004170BDC4F1000483
:1093D000203C35DA0C341BDC04F11404C4F1200504
:1093E00000FA05F320FA04F001FA05F240EA02005F
:1093F00001F0004221F0004110EBD37021FA04F695
:1094000042EB06015EEA430E08BF20EAD37070BD4E
:10941000C4F10C04C4F1200500FA04F320FA05F0AD
:1094200001FA04F240EA020001F0004110EBD370AF
:1094300041F100015EEA430E08BF20EAD37070BD1F
:10944000C4F1200500FA05F24EEA020E20FA04F3F8
:1094500001FA05F243EA020321FA04F001F00041A7
:1094600021FA04F220EA020000EBD3705EEA430E18
:1094700008BF20EAD37070BD94F0000F0FD101F047
:109480000046400041EB010111F4801F08BF013C80
:10949000F7D041EA060195F0000F18BF704703F0BE
:1094A0000046520043EB030313F4801F08BF013D45
:1094B000F7D043EA0603704794EA0C0F0CEA135501
:1094C00018BF95EA0C0F0CD050EA410618BF52EABB
:1094D0004306D1D181EA030101F000414FF00000C1
:1094E00070BD50EA410606BF1046194652EA4306CF
:1094F00019D094EA0C0F02D150EA013613D195EA43
:109500000C0F05D152EA03361CBF104619460AD18A
:1095100081EA030101F0004141F0FE4141F4700194
:109520004FF0000070BD41F0FE4141F4780170BD84
:1095300081F0004102E000BF83F0004330B54FEA04
:1095400041044FEA430594EA050F08BF90EA020F71
:109550001FBF54EA000C55EA020C7FEA645C7FEA04
:10956000655C00F0E2804FEA5454D4EB5555B8BF27
:109570006D420CDD2C4480EA020281EA030382EA98
:10958000000083EA010180EA020281EA0303362D2A
:1095900088BF30BD11F0004F4FEA01314FF4801CFD
:1095A0004CEA113102D0404261EB410113F0004F0F
:1095B0004FEA03334CEA133302D0524263EB4303C6
:1095C00094EA050F00F0A780A4F10104D5F1200E64
:1095D0000DDB02FA0EFC22FA05F2801841F10001BF
:1095E00003FA0EF2801843FA05F359410EE0A5F193
:1095F00020050EF1200E012A03FA0EFC28BF4CF0C4
:10960000020C43FA05F3C01851EBE37101F0004579
:1096100007D54FF0000EDCF1000C7EEB00006EEB86
:109620000101B1F5801F1BD3B1F5001F0CD3490810
:109630005FEA30004FEA3C0C04F101044FEA445267
:1096400012F5800F80F09A80BCF1004F08BF5FEAEE
:10965000500C50F1000041EB045141EA050130BDCE
:109660005FEA4C0C404141EB0101013C28BFB1F5E0
:10967000801FE9D291F0000F04BF01460020B1FA2B
:1096800081F308BF2033A3F10B03B3F120020CDAFE
:109690000C3208DD02F1140CC2F10C0201FA0CF0DC
:1096A00021FA02F10CE002F11402D8BFC2F1200C41
:1096B00001FA02F120FA0CFCDCBF41EA0C019040F7
:1096C000E41AA2BF01EB0451294330BD6FEA040440
:1096D0001F3C1CDA0C340EDC04F11404C4F120022B
:1096E00020FA04F001FA02F340EA030021FA04F33D
:1096F00045EA030130BDC4F10C04C4F1200220FA94
:1097000002F001FA04F340EA0300294630BD21FAD1
:1097100004F0294630BD94F0000F83F4801306BF97
:1097200081F480110134013D4EE77FEA645C18BF8B
:109730007FEA655C29D094EA050F08BF90EA020F22
:1097400005D054EA000C04BF1946104630BD91EA1A
:10975000030F1EBF0021002030BD5FEA545C05D11D
:109760004000494128BF41F0004130BD14F580045C
:109770003CBF01F5801130BD01F0004545F0FE41D0
:1097800041F470014FF0000030BD7FEA645C1ABF05
:10979000194610467FEA655C1CBF0B46024650EA3C
:1097A000013406BF52EA033591EA030F41F4002168
:1097B00030BD00BF90F0000F04BF0021704730B5EE
:1097C0004FF4806404F132044FF000054FF00001C3
:1097D00050E700BF90F0000F04BF0021704730B584
:1097E0004FF4806404F1320410F0004548BF404259
:1097F0004FF000013EE700BF42004FEAE2014FEAAE
:1098000031014FEA02701FBF12F07F4393F07F4F88
:1098100081F06051704732F07F4208BF704793F08B
:109820007F4F04BF41F40021704730B54FF460749E
:1098300001F0004521F000411CE700BF50EA0102A1
:1098400008BF704730B54FF000050AE050EA01024A
:1098500008BF704730B511F0004502D5404261EBBA
:1098600041014FF4806404F132045FEA915C3FF4FB
:10987000D8AE4FF003025FEADC0C18BF03325FEA98
:10988000DC0C18BF033202EBDC02C2F1200300FA49
:1098900003FC20FA02F001FA03FE40EA0E0021FA6E
:1098A00002F11444BDE600BF4FF0FF3C06E000BFEC
:1098B0004FF0010C02E000BF4FF0010C4DF804CD59
:1098C0004FEA410C7FEA6C5C4FEA430C18BF7FEA19
:1098D0006C5C1BD001B050EA410C0CBF52EA430C47
:1098E00091EA030F02BF90EA020F0020704710F1C7
:1098F000000F91EA030F58BF994208BF90422CBF56
:10990000D8176FEAE37040F0010070474FEA410C4E
:109910007FEA6C5C02D150EA013C07D14FEA430C6C
:109920007FEA6C5CD6D152EA033CD3D05DF8040BDD
:10993000704700BF8446104662468C46194663460F
:1099400000E000BF01B5FFF7B7FF002848BF10F1E6
:10995000000F01BD4DF808EDFFF7F4FF0CBF01202B
:1099600000205DF808FB00BF4DF808EDFFF7EAFFA7
:1099700034BF012000205DF808FB00BF4DF808ED62
:10998000FFF7E0FF94BF012000205DF808FB00BF57
:109990004DF808EDFFF7CEFF94BF012000205DF8E1
:1099A00008FB00BF4DF808EDFFF7C4FF34BF0120EE
:1099B00000205DF808FB00BF4FEA410212F50012DB
:1099C00015D211D56FF47873B3EB625212D94FEA06
:1099D000C12343F0004343EA505311F0004F23FAF0
:1099E00002F018BF404270474FF00000704750EA45
:1099F000013005D111F0004008BF6FF00040704702
:109A00004FF00000704700BF4FEA4102B2F1E0435F
:109A100024BFB3F5001CDCF1FE5C0DD901F0004C55
:109A20004FEAC0024CEA5070B2F1004F40EB8300A5
:109A300008BF20F00100704711F0804F21D113F1D1
:109A40003872BCBF01F00040704741F480114FEA0A
:109A50005252C2F11802C2F1200C10FA0CF320FA93
:109A600002F018BF40F001004FEAC1234FEAD323B0
:109A700003FA0CFC40EA0C0023FA02F34FEA43031A
:109A8000CCE77FEA625307D150EA01331EBF4FF0A3
:109A9000FE4040F44000704701F0004040F0FE40BE
:109AA00040F40000704700BF80F0004002E000BFBB
:109AB00081F0004142001FBF5FEA410392EA030FB9
:109AC0007FEA226C7FEA236C6AD04FEA1262D2EB03
:109AD0001363C1BFD218414048404140B8BF5B4208
:109AE000192B88BF704710F0004F40F4000020F0A1
:109AF0007F4018BF404211F0004F41F4000121F0B7
:109B00007F4118BF494292EA030F3FD0A2F1010200
:109B100041FA03FC10EB0C00C3F1200301FA03F13E
:109B200000F0004302D5494260EB4000B0F5000F61
:109B300013D3B0F1807F06D340084FEA310102F120
:109B40000102FE2A51D2B1F1004F40EBC25008BFD2
:109B500020F0010040EA03007047490040EB00009C
:109B6000013A28BFB0F5000FEDD2B0FA80FCACF19D
:109B7000080CB2EB0C0200FA0CF0AABF00EBC250CA
:109B800052421843BCBFD0401843704792F0000FB8
:109B900081F4000106BF80F400000132013BB5E70B
:109BA0004FEA41037FEA226C18BF7FEA236C21D081
:109BB00092EA030F04D092F0000F08BF08467047E6
:109BC00090EA010F1CBF0020704712F07F4F04D1B4
:109BD000400028BF40F00040704712F100723CBFC7
:109BE00000F50000704700F0004343F0FE4040F4F1
:109BF000000070477FEA226216BF08467FEA2363AF
:109C00000146420206BF5FEA412390EA010F40F499
:109C1000800070474FF0000304E000BF10F00043E5
:109C200048BF40425FEA000C08BF704743F09643CC
:109C300001464FF000001CE050EA010208BF7047E7
:109C40004FF000030AE000BF50EA010208BF70476E
:109C500011F0004302D5404261EB41015FEA010C83
:109C600002BF84460146002043F0B64308BFA3F17B
:109C70008053A3F50003BCFA8CF2083AA3EBC2535D
:109C800010DB01FA02FC634400FA02FCC2F120027C
:109C9000BCF1004F20FA02F243EB020008BF20F0B3
:109CA0000100704702F1200201FA02FCC2F1200219
:109CB00050EA4C0021FA02F243EB020008BF20EA0E
:109CC000DC7070474FF0FF0C1CEAD0521EBF1CEA3C
:109CD000D15392EA0C0F93EA0C0F6FD01A4480EA2A
:109CE000010C400218BF5FEA41211ED04FF0006313
:109CF00043EA501043EA5111A0FB01310CF000403F
:109D0000B1F5000F3EBF490041EAD3715B0040EA64
:109D1000010062F17F02FD2A1DD8B3F1004F40EB34
:109D2000C25008BF20F00100704790F0000F0CF007
:109D3000004C08BF49024CEA502040EA51207F3ACB
:109D4000C2BFD2F1FF0340EAC250704740F40000A6
:109D50004FF00003013A5DDC12F1190FDCBF00F097
:109D600000407047C2F10002410021FA02F1C2F145
:109D7000200200FA02FC5FEA310040F1000053EAE1
:109D80004C0308BF20EADC70704792F0000F00F02F
:109D9000004C02BF400010F4000F013AF9D040EA35
:109DA0000C0093F0000F01F0004C02BF490011F4C9
:109DB000000F013BF9D041EA0C018FE70CEAD153C7
:109DC00092EA0C0F18BF93EA0C0F0AD030F0004C47
:109DD00018BF31F0004CD8D180EA010000F00040FB
:109DE000704790F0000F17BF90F0004F084691F0B9
:109DF000000F91F0004F14D092EA0C0F01D14202F3
:109E00000FD193EA0C0F03D14B0218BF084608D1BB
:109E100080EA010000F0004040F0FE4040F4000005
:109E2000704740F0FE4040F4400070474FF0FF0C98
:109E30001CEAD0521EBF1CEAD15392EA0C0F93EADF
:109E40000C0F69D0A2EB030280EA010C49024FEA31
:109E5000402037D04FF0805343EA111143EA1013EA
:109E60000CF000408B4238BF5B0042F17D024FF4A2
:109E7000000C8B4224BF5B1A40EA0C00B3EB510F7D
:109E800024BFA3EB510340EA5C00B3EB910F24BF66
:109E9000A3EB910340EA9C00B3EBD10F24BFA3EBEB
:109EA000D10340EADC001B0118BF5FEA1C1CE0D1B3
:109EB000FD2A3FF650AF8B4240EBC25008BF20F066
:109EC000010070470CF0004C4CEA50207F32C2BFBA
:109ED000D2F1FF0340EAC250704740F400004FF057
:109EE0000003013A37E792F0000F00F0004C02BF88
:109EF000400010F4000F013AF9D040EA0C0093F052
:109F0000000F01F0004C02BF490011F4000F013BAB
:109F1000F9D041EA0C0195E70CEAD15392EA0C0F13
:109F200008D142027FF47DAF93EA0C0F7FF470AF4B
:109F3000084676E793EA0C0F04D14B023FF44CAF8E
:109F400008466EE730F0004C18BF31F0004CCAD123
:109F500030F000427FF45CAF31F000437FF43CAF5F
:109F60005FE700BF4FF0FF3C06E000BF4FF0010C81
:109F700002E000BF4FF0010C4DF804CD4FEA400263
:109F80004FEA41037FEA226C18BF7FEA236C11D0AD
:109F900001B052EA530C18BF90EA010F58BFB2EB60
:109FA000030088BFC81738BF6FEAE17018BF40F0E0
:109FB000010070477FEA226C02D15FEA402C05D194
:109FC0007FEA236CE4D15FEA412CE1D05DF8040B19
:109FD000704700BF844608466146FFE70FB5FFF7AC
:109FE000C9FF002848BF10F1000F0FBD4DF808ED64
:109FF000FFF7F4FF0CBF012000205DF808FB00BF55
:10A000004DF808EDFFF7EAFF34BF012000205DF8AE
:10A0100008FB00BF4DF808EDFFF7E0FF94BF0120FB
:10A0200000205DF808FB00BF4DF808EDFFF7D2FFF8
:10A0300094BF012000205DF808FB00BF4DF808ED3B
:10A04000FFF7C8FF34BF012000205DF808FB00BF08
:10A050004FEA4002B2F1FE4F0FD34FF09E03B3EB35
:10A0600012620DD94FEA002343F0004310F0004F75
:10A0700023FA02F018BF404270474FF000007047CB
:10A0800012F1610F01D1420205D110F0004008BF6A
:10A090006FF0004070474FF000007047F8B500BF08
:10A0A000F8BC08BC9E467047F8B500BFF8BC08BCB9
:10A0B0009E467047754D796F207632006C00002007
:10A0C000232D302B20000000686C4C00656667452E
:10A0D0004647000030313233343536373839414263
:10A0E00043444546000000003031323334353637C2
:10A0F000383961626364656600000000000000009A
:08A100008861FF7F01000000EF
:10A108008000000025000000800C000000C05A45B7
:10A118000A000000130400006321903EDDF4AC3E09
:10A128000000000000020000FF0300000000000023
:10A13800FF0000000400000030750000E803000084
:10A14800B80B000044332211002003002500000052
:10A15800FFFFFFFF01000000041300204E61BC0058
:10A16800250000000090D0036C00002000000000D3
:10A1780000000000000000000000000000000000D7
:10A1880000000000000000000000000000000000C7
:10A1980000000000000000000000000000000000B7
:10A1A80000000000000000000000000000000000A7
:10A1B8000000000000000000000000000000000097
:10A1C800000000000000000000000000690200001C
:04A1D8004102000040
:040000030000815D1B
:00000001FF
